mode: set
github.com/rmcguinness/gemini_task_engine/pkg/model/hooks.go:25.62,27.61 2 0
github.com/rmcguinness/gemini_task_engine/pkg/model/hooks.go:27.61,28.47 1 0
github.com/rmcguinness/gemini_task_engine/pkg/model/hooks.go:28.47,30.4 1 0
github.com/rmcguinness/gemini_task_engine/pkg/model/hooks.go:34.2,35.16 2 0
github.com/rmcguinness/gemini_task_engine/pkg/model/hooks.go:35.16,37.3 1 0
github.com/rmcguinness/gemini_task_engine/pkg/model/hooks.go:40.2,41.81 2 0
github.com/rmcguinness/gemini_task_engine/pkg/model/hooks.go:41.81,43.3 1 0
github.com/rmcguinness/gemini_task_engine/pkg/model/hooks.go:43.8,43.33 1 0
github.com/rmcguinness/gemini_task_engine/pkg/model/hooks.go:43.33,45.3 1 0
github.com/rmcguinness/gemini_task_engine/pkg/model/hooks.go:45.8,45.87 1 0
github.com/rmcguinness/gemini_task_engine/pkg/model/hooks.go:45.87,47.3 1 0
github.com/rmcguinness/gemini_task_engine/pkg/model/hooks.go:47.8,47.36 1 0
github.com/rmcguinness/gemini_task_engine/pkg/model/hooks.go:47.36,49.3 1 0
github.com/rmcguinness/gemini_task_engine/pkg/model/hooks.go:51.2,59.32 2 0
github.com/rmcguinness/gemini_task_engine/pkg/model/types.go:30.47,31.18 1 1
github.com/rmcguinness/gemini_task_engine/pkg/model/types.go:31.18,34.3 2 1
github.com/rmcguinness/gemini_task_engine/pkg/model/types.go:35.2,36.9 2 1
github.com/rmcguinness/gemini_task_engine/pkg/model/types.go:36.9,38.3 1 1
github.com/rmcguinness/gemini_task_engine/pkg/model/types.go:39.2,42.12 4 1
github.com/rmcguinness/gemini_task_engine/pkg/model/types.go:46.46,47.14 1 0
github.com/rmcguinness/gemini_task_engine/pkg/model/types.go:47.14,49.3 1 0
github.com/rmcguinness/gemini_task_engine/pkg/model/types.go:50.2,50.23 1 0
github.com/rmcguinness/gemini_task_engine/pkg/model/types.go:54.50,55.17 1 0
github.com/rmcguinness/gemini_task_engine/pkg/model/types.go:55.17,58.3 2 0
github.com/rmcguinness/gemini_task_engine/pkg/model/types.go:59.2,62.12 4 0
github.com/rmcguinness/gemini_task_engine/pkg/model/types.go:66.46,67.17 1 1
github.com/rmcguinness/gemini_task_engine/pkg/model/types.go:67.17,69.3 1 1
github.com/rmcguinness/gemini_task_engine/pkg/model/types.go:70.2,70.23 1 1
github.com/rmcguinness/gemini_task_engine/pkg/model/types.go:77.55,78.18 1 1
github.com/rmcguinness/gemini_task_engine/pkg/model/types.go:78.18,81.3 2 1
github.com/rmcguinness/gemini_task_engine/pkg/model/types.go:82.2,83.9 2 1
github.com/rmcguinness/gemini_task_engine/pkg/model/types.go:83.9,85.10 2 1
github.com/rmcguinness/gemini_task_engine/pkg/model/types.go:85.10,87.4 1 1
github.com/rmcguinness/gemini_task_engine/pkg/model/types.go:88.3,88.22 1 1
github.com/rmcguinness/gemini_task_engine/pkg/model/types.go:90.2,91.15 2 1
github.com/rmcguinness/gemini_task_engine/pkg/model/types.go:91.15,94.3 2 1
github.com/rmcguinness/gemini_task_engine/pkg/model/types.go:95.2,97.26 3 1
github.com/rmcguinness/gemini_task_engine/pkg/model/types.go:97.26,99.17 2 1
github.com/rmcguinness/gemini_task_engine/pkg/model/types.go:99.17,101.4 1 1
github.com/rmcguinness/gemini_task_engine/pkg/model/types.go:102.3,102.24 1 1
github.com/rmcguinness/gemini_task_engine/pkg/model/types.go:104.2,105.12 2 1
github.com/rmcguinness/gemini_task_engine/pkg/model/types.go:109.54,110.17 1 1
github.com/rmcguinness/gemini_task_engine/pkg/model/types.go:110.17,112.3 1 1
github.com/rmcguinness/gemini_task_engine/pkg/model/types.go:113.2,114.24 2 1
github.com/rmcguinness/gemini_task_engine/pkg/model/types.go:114.24,116.3 1 1
github.com/rmcguinness/gemini_task_engine/pkg/model/types.go:117.2,117.50 1 1
github.com/rmcguinness/gemini_task_engine/pkg/model/user.go:89.65,91.88 2 1
github.com/rmcguinness/gemini_task_engine/pkg/model/user.go:91.88,93.3 1 1
github.com/rmcguinness/gemini_task_engine/pkg/model/user.go:94.2,94.58 1 1
github.com/rmcguinness/gemini_task_engine/pkg/model/user.go:94.58,96.3 1 0
github.com/rmcguinness/gemini_task_engine/pkg/model/user.go:97.2,97.18 1 1
github.com/rmcguinness/gemini_task_engine/pkg/model/user.go:100.66,102.16 2 1
github.com/rmcguinness/gemini_task_engine/pkg/model/user.go:102.16,104.3 1 0
github.com/rmcguinness/gemini_task_engine/pkg/model/user.go:105.2,106.12 2 1
github.com/rmcguinness/gemini_task_engine/pkg/model/user.go:110.44,112.16 2 1
github.com/rmcguinness/gemini_task_engine/pkg/model/user.go:112.16,114.3 1 0
github.com/rmcguinness/gemini_task_engine/pkg/model/user.go:115.2,115.35 1 1
github.com/rmcguinness/gemini_task_engine/pkg/model/user.go:115.35,116.34 1 1
github.com/rmcguinness/gemini_task_engine/pkg/model/user.go:116.34,118.4 1 1
github.com/rmcguinness/gemini_task_engine/pkg/model/user.go:120.2,120.16 1 1
github.com/rmcguinness/gemini_task_engine/pkg/model/user.go:124.42,126.16 2 1
github.com/rmcguinness/gemini_task_engine/pkg/model/user.go:126.16,128.3 1 0
github.com/rmcguinness/gemini_task_engine/pkg/model/user.go:129.2,130.31 2 1
github.com/rmcguinness/gemini_task_engine/pkg/model/user.go:134.52,136.16 2 1
github.com/rmcguinness/gemini_task_engine/pkg/model/user.go:136.16,138.3 1 0
github.com/rmcguinness/gemini_task_engine/pkg/model/user.go:139.2,139.44 1 1
github.com/rmcguinness/gemini_task_engine/pkg/model/user.go:139.44,140.34 1 1
github.com/rmcguinness/gemini_task_engine/pkg/model/user.go:140.34,142.4 1 1
github.com/rmcguinness/gemini_task_engine/pkg/model/user.go:144.2,144.16 1 1
github.com/rmcguinness/gemini_task_engine/pkg/model/user.go:148.54,150.16 2 1
github.com/rmcguinness/gemini_task_engine/pkg/model/user.go:150.16,152.3 1 0
github.com/rmcguinness/gemini_task_engine/pkg/model/user.go:153.2,154.31 2 1
github.com/rmcguinness/gemini_task_engine/pkg/model/user.go:158.45,160.16 2 1
github.com/rmcguinness/gemini_task_engine/pkg/model/user.go:160.16,162.3 1 0
github.com/rmcguinness/gemini_task_engine/pkg/model/user.go:163.2,163.37 1 1
github.com/rmcguinness/gemini_task_engine/pkg/model/user.go:163.37,164.34 1 1
github.com/rmcguinness/gemini_task_engine/pkg/model/user.go:164.34,166.4 1 1
github.com/rmcguinness/gemini_task_engine/pkg/model/user.go:168.2,168.16 1 1
github.com/rmcguinness/gemini_task_engine/pkg/model/user.go:172.47,174.16 2 1
github.com/rmcguinness/gemini_task_engine/pkg/model/user.go:174.16,176.3 1 0
github.com/rmcguinness/gemini_task_engine/pkg/model/user.go:177.2,178.31 2 1
github.com/rmcguinness/gemini_task_engine/pkg/model/user.go:182.47,184.16 2 1
github.com/rmcguinness/gemini_task_engine/pkg/model/user.go:184.16,186.3 1 0
github.com/rmcguinness/gemini_task_engine/pkg/model/user.go:187.2,187.41 1 1
github.com/rmcguinness/gemini_task_engine/pkg/model/user.go:187.41,188.30 1 1
github.com/rmcguinness/gemini_task_engine/pkg/model/user.go:188.30,190.4 1 1
github.com/rmcguinness/gemini_task_engine/pkg/model/user.go:192.2,192.19 1 1
github.com/rmcguinness/gemini_task_engine/pkg/model/user.go:196.50,198.16 2 1
github.com/rmcguinness/gemini_task_engine/pkg/model/user.go:198.16,200.3 1 0
github.com/rmcguinness/gemini_task_engine/pkg/model/user.go:201.2,202.31 2 1
github.com/rmcguinness/gemini_task_engine/pkg/model/user.go:218.53,220.17 2 1
github.com/rmcguinness/gemini_task_engine/pkg/model/user.go:220.17,222.3 1 1
github.com/rmcguinness/gemini_task_engine/pkg/model/user.go:222.8,224.3 1 1
github.com/rmcguinness/gemini_task_engine/pkg/model/user.go:228.49,230.2 1 1
github.com/rmcguinness/gemini_task_engine/pkg/model/hooks.go:25.62,27.61 2 1
github.com/rmcguinness/gemini_task_engine/pkg/model/hooks.go:27.61,28.47 1 0
github.com/rmcguinness/gemini_task_engine/pkg/model/hooks.go:28.47,30.4 1 0
github.com/rmcguinness/gemini_task_engine/pkg/model/hooks.go:34.2,35.16 2 1
github.com/rmcguinness/gemini_task_engine/pkg/model/hooks.go:35.16,37.3 1 0
github.com/rmcguinness/gemini_task_engine/pkg/model/hooks.go:40.2,41.81 2 1
github.com/rmcguinness/gemini_task_engine/pkg/model/hooks.go:41.81,43.3 1 0
github.com/rmcguinness/gemini_task_engine/pkg/model/hooks.go:43.8,43.33 1 1
github.com/rmcguinness/gemini_task_engine/pkg/model/hooks.go:43.33,45.3 1 0
github.com/rmcguinness/gemini_task_engine/pkg/model/hooks.go:45.8,45.87 1 1
github.com/rmcguinness/gemini_task_engine/pkg/model/hooks.go:45.87,47.3 1 0
github.com/rmcguinness/gemini_task_engine/pkg/model/hooks.go:47.8,47.36 1 1
github.com/rmcguinness/gemini_task_engine/pkg/model/hooks.go:47.36,49.3 1 0
github.com/rmcguinness/gemini_task_engine/pkg/model/hooks.go:51.2,59.32 2 1
github.com/rmcguinness/gemini_task_engine/pkg/model/types.go:30.47,31.18 1 0
github.com/rmcguinness/gemini_task_engine/pkg/model/types.go:31.18,34.3 2 0
github.com/rmcguinness/gemini_task_engine/pkg/model/types.go:35.2,36.9 2 0
github.com/rmcguinness/gemini_task_engine/pkg/model/types.go:36.9,38.3 1 0
github.com/rmcguinness/gemini_task_engine/pkg/model/types.go:39.2,42.12 4 0
github.com/rmcguinness/gemini_task_engine/pkg/model/types.go:46.46,47.14 1 1
github.com/rmcguinness/gemini_task_engine/pkg/model/types.go:47.14,49.3 1 1
github.com/rmcguinness/gemini_task_engine/pkg/model/types.go:50.2,50.23 1 1
github.com/rmcguinness/gemini_task_engine/pkg/model/types.go:54.50,55.17 1 0
github.com/rmcguinness/gemini_task_engine/pkg/model/types.go:55.17,58.3 2 0
github.com/rmcguinness/gemini_task_engine/pkg/model/types.go:59.2,62.12 4 0
github.com/rmcguinness/gemini_task_engine/pkg/model/types.go:66.46,67.17 1 1
github.com/rmcguinness/gemini_task_engine/pkg/model/types.go:67.17,69.3 1 1
github.com/rmcguinness/gemini_task_engine/pkg/model/types.go:70.2,70.23 1 0
github.com/rmcguinness/gemini_task_engine/pkg/model/types.go:77.55,78.18 1 0
github.com/rmcguinness/gemini_task_engine/pkg/model/types.go:78.18,81.3 2 0
github.com/rmcguinness/gemini_task_engine/pkg/model/types.go:82.2,83.9 2 0
github.com/rmcguinness/gemini_task_engine/pkg/model/types.go:83.9,85.10 2 0
github.com/rmcguinness/gemini_task_engine/pkg/model/types.go:85.10,87.4 1 0
github.com/rmcguinness/gemini_task_engine/pkg/model/types.go:88.3,88.22 1 0
github.com/rmcguinness/gemini_task_engine/pkg/model/types.go:90.2,91.15 2 0
github.com/rmcguinness/gemini_task_engine/pkg/model/types.go:91.15,94.3 2 0
github.com/rmcguinness/gemini_task_engine/pkg/model/types.go:95.2,97.26 3 0
github.com/rmcguinness/gemini_task_engine/pkg/model/types.go:97.26,99.17 2 0
github.com/rmcguinness/gemini_task_engine/pkg/model/types.go:99.17,101.4 1 0
github.com/rmcguinness/gemini_task_engine/pkg/model/types.go:102.3,102.24 1 0
github.com/rmcguinness/gemini_task_engine/pkg/model/types.go:104.2,105.12 2 0
github.com/rmcguinness/gemini_task_engine/pkg/model/types.go:109.54,110.17 1 0
github.com/rmcguinness/gemini_task_engine/pkg/model/types.go:110.17,112.3 1 0
github.com/rmcguinness/gemini_task_engine/pkg/model/types.go:113.2,114.24 2 0
github.com/rmcguinness/gemini_task_engine/pkg/model/types.go:114.24,116.3 1 0
github.com/rmcguinness/gemini_task_engine/pkg/model/types.go:117.2,117.50 1 0
github.com/rmcguinness/gemini_task_engine/pkg/model/user.go:89.65,91.88 2 0
github.com/rmcguinness/gemini_task_engine/pkg/model/user.go:91.88,93.3 1 0
github.com/rmcguinness/gemini_task_engine/pkg/model/user.go:94.2,94.58 1 0
github.com/rmcguinness/gemini_task_engine/pkg/model/user.go:94.58,96.3 1 0
github.com/rmcguinness/gemini_task_engine/pkg/model/user.go:97.2,97.18 1 0
github.com/rmcguinness/gemini_task_engine/pkg/model/user.go:100.66,102.16 2 0
github.com/rmcguinness/gemini_task_engine/pkg/model/user.go:102.16,104.3 1 0
github.com/rmcguinness/gemini_task_engine/pkg/model/user.go:105.2,106.12 2 0
github.com/rmcguinness/gemini_task_engine/pkg/model/user.go:110.44,112.16 2 0
github.com/rmcguinness/gemini_task_engine/pkg/model/user.go:112.16,114.3 1 0
github.com/rmcguinness/gemini_task_engine/pkg/model/user.go:115.2,115.35 1 0
github.com/rmcguinness/gemini_task_engine/pkg/model/user.go:115.35,116.34 1 0
github.com/rmcguinness/gemini_task_engine/pkg/model/user.go:116.34,118.4 1 0
github.com/rmcguinness/gemini_task_engine/pkg/model/user.go:120.2,120.16 1 0
github.com/rmcguinness/gemini_task_engine/pkg/model/user.go:124.42,126.16 2 0
github.com/rmcguinness/gemini_task_engine/pkg/model/user.go:126.16,128.3 1 0
github.com/rmcguinness/gemini_task_engine/pkg/model/user.go:129.2,130.31 2 0
github.com/rmcguinness/gemini_task_engine/pkg/model/user.go:134.52,136.16 2 0
github.com/rmcguinness/gemini_task_engine/pkg/model/user.go:136.16,138.3 1 0
github.com/rmcguinness/gemini_task_engine/pkg/model/user.go:139.2,139.44 1 0
github.com/rmcguinness/gemini_task_engine/pkg/model/user.go:139.44,140.34 1 0
github.com/rmcguinness/gemini_task_engine/pkg/model/user.go:140.34,142.4 1 0
github.com/rmcguinness/gemini_task_engine/pkg/model/user.go:144.2,144.16 1 0
github.com/rmcguinness/gemini_task_engine/pkg/model/user.go:148.54,150.16 2 0
github.com/rmcguinness/gemini_task_engine/pkg/model/user.go:150.16,152.3 1 0
github.com/rmcguinness/gemini_task_engine/pkg/model/user.go:153.2,154.31 2 0
github.com/rmcguinness/gemini_task_engine/pkg/model/user.go:158.45,160.16 2 0
github.com/rmcguinness/gemini_task_engine/pkg/model/user.go:160.16,162.3 1 0
github.com/rmcguinness/gemini_task_engine/pkg/model/user.go:163.2,163.37 1 0
github.com/rmcguinness/gemini_task_engine/pkg/model/user.go:163.37,164.34 1 0
github.com/rmcguinness/gemini_task_engine/pkg/model/user.go:164.34,166.4 1 0
github.com/rmcguinness/gemini_task_engine/pkg/model/user.go:168.2,168.16 1 0
github.com/rmcguinness/gemini_task_engine/pkg/model/user.go:172.47,174.16 2 0
github.com/rmcguinness/gemini_task_engine/pkg/model/user.go:174.16,176.3 1 0
github.com/rmcguinness/gemini_task_engine/pkg/model/user.go:177.2,178.31 2 0
github.com/rmcguinness/gemini_task_engine/pkg/model/user.go:182.47,184.16 2 0
github.com/rmcguinness/gemini_task_engine/pkg/model/user.go:184.16,186.3 1 0
github.com/rmcguinness/gemini_task_engine/pkg/model/user.go:187.2,187.41 1 0
github.com/rmcguinness/gemini_task_engine/pkg/model/user.go:187.41,188.30 1 0
github.com/rmcguinness/gemini_task_engine/pkg/model/user.go:188.30,190.4 1 0
github.com/rmcguinness/gemini_task_engine/pkg/model/user.go:192.2,192.19 1 0
github.com/rmcguinness/gemini_task_engine/pkg/model/user.go:196.50,198.16 2 0
github.com/rmcguinness/gemini_task_engine/pkg/model/user.go:198.16,200.3 1 0
github.com/rmcguinness/gemini_task_engine/pkg/model/user.go:201.2,202.31 2 0
github.com/rmcguinness/gemini_task_engine/pkg/model/user.go:218.53,220.17 2 0
github.com/rmcguinness/gemini_task_engine/pkg/model/user.go:220.17,222.3 1 0
github.com/rmcguinness/gemini_task_engine/pkg/model/user.go:222.8,224.3 1 0
github.com/rmcguinness/gemini_task_engine/pkg/model/user.go:228.49,230.2 1 0
github.com/rmcguinness/gemini_task_engine/pkg/persistence/db.go:46.45,50.32 3 0
github.com/rmcguinness/gemini_task_engine/pkg/persistence/db.go:50.32,52.49 2 0
github.com/rmcguinness/gemini_task_engine/pkg/persistence/db.go:52.49,54.24 2 0
github.com/rmcguinness/gemini_task_engine/pkg/persistence/db.go:54.24,56.5 1 0
github.com/rmcguinness/gemini_task_engine/pkg/persistence/db.go:58.4,59.18 2 0
github.com/rmcguinness/gemini_task_engine/pkg/persistence/db.go:59.18,61.5 1 0
github.com/rmcguinness/gemini_task_engine/pkg/persistence/db.go:62.4,63.24 2 0
github.com/rmcguinness/gemini_task_engine/pkg/persistence/db.go:63.24,65.5 1 0
github.com/rmcguinness/gemini_task_engine/pkg/persistence/db.go:66.4,66.26 1 0
github.com/rmcguinness/gemini_task_engine/pkg/persistence/db.go:66.26,68.5 1 0
github.com/rmcguinness/gemini_task_engine/pkg/persistence/db.go:70.4,71.21 2 0
github.com/rmcguinness/gemini_task_engine/pkg/persistence/db.go:71.21,73.5 1 0
github.com/rmcguinness/gemini_task_engine/pkg/persistence/db.go:75.4,75.79 1 0
github.com/rmcguinness/gemini_task_engine/pkg/persistence/db.go:75.79,77.5 1 0
github.com/rmcguinness/gemini_task_engine/pkg/persistence/db.go:79.4,82.23 2 0
github.com/rmcguinness/gemini_task_engine/pkg/persistence/db.go:83.9,85.4 1 0
github.com/rmcguinness/gemini_task_engine/pkg/persistence/db.go:86.8,86.53 1 0
github.com/rmcguinness/gemini_task_engine/pkg/persistence/db.go:86.53,88.23 2 0
github.com/rmcguinness/gemini_task_engine/pkg/persistence/db.go:88.23,90.4 1 0
github.com/rmcguinness/gemini_task_engine/pkg/persistence/db.go:92.3,93.17 2 0
github.com/rmcguinness/gemini_task_engine/pkg/persistence/db.go:93.17,95.4 1 0
github.com/rmcguinness/gemini_task_engine/pkg/persistence/db.go:96.3,97.23 2 0
github.com/rmcguinness/gemini_task_engine/pkg/persistence/db.go:97.23,99.4 1 0
github.com/rmcguinness/gemini_task_engine/pkg/persistence/db.go:100.3,100.25 1 0
github.com/rmcguinness/gemini_task_engine/pkg/persistence/db.go:100.25,102.4 1 0
github.com/rmcguinness/gemini_task_engine/pkg/persistence/db.go:104.3,105.20 2 0
github.com/rmcguinness/gemini_task_engine/pkg/persistence/db.go:105.20,107.4 1 0
github.com/rmcguinness/gemini_task_engine/pkg/persistence/db.go:109.3,109.78 1 0
github.com/rmcguinness/gemini_task_engine/pkg/persistence/db.go:109.78,111.4 1 0
github.com/rmcguinness/gemini_task_engine/pkg/persistence/db.go:113.3,116.22 2 0
github.com/rmcguinness/gemini_task_engine/pkg/persistence/db.go:117.8,121.3 2 0
github.com/rmcguinness/gemini_task_engine/pkg/persistence/db.go:123.2,123.16 1 0
github.com/rmcguinness/gemini_task_engine/pkg/persistence/db.go:123.16,125.3 1 0
github.com/rmcguinness/gemini_task_engine/pkg/persistence/db.go:128.2,129.20 2 0
github.com/rmcguinness/gemini_task_engine/pkg/persistence/db.go:129.20,133.3 3 0
github.com/rmcguinness/gemini_task_engine/pkg/persistence/db.go:135.2,135.16 1 0
github.com/rmcguinness/gemini_task_engine/pkg/persistence/db.go:143.96,145.2 1 0
github.com/rmcguinness/gemini_task_engine/pkg/persistence/db.go:147.115,149.2 1 0
github.com/rmcguinness/gemini_task_engine/pkg/persistence/db.go:151.115,153.2 1 0
github.com/rmcguinness/gemini_task_engine/pkg/persistence/db.go:155.108,157.2 1 0
github.com/rmcguinness/gemini_task_engine/pkg/persistence/db.go:160.48,165.2 2 0
github.com/rmcguinness/gemini_task_engine/pkg/persistence/organization.go:40.68,42.2 1 0
github.com/rmcguinness/gemini_task_engine/pkg/persistence/organization.go:44.91,46.2 1 0
github.com/rmcguinness/gemini_task_engine/pkg/persistence/organization.go:48.104,52.2 3 0
github.com/rmcguinness/gemini_task_engine/pkg/persistence/organization.go:54.91,56.2 1 0
github.com/rmcguinness/gemini_task_engine/pkg/persistence/organization.go:58.79,60.2 1 0
github.com/rmcguinness/gemini_task_engine/pkg/persistence/organization.go:62.100,65.2 2 0
github.com/rmcguinness/gemini_task_engine/pkg/persistence/organization.go:67.91,71.2 3 0
github.com/rmcguinness/gemini_task_engine/pkg/persistence/organization.go:73.115,77.2 3 0
github.com/rmcguinness/gemini_task_engine/pkg/persistence/shift_agent_session.go:40.78,42.2 1 0
github.com/rmcguinness/gemini_task_engine/pkg/persistence/shift_agent_session.go:44.101,46.2 1 0
github.com/rmcguinness/gemini_task_engine/pkg/persistence/shift_agent_session.go:48.114,52.2 3 0
github.com/rmcguinness/gemini_task_engine/pkg/persistence/shift_agent_session.go:54.142,58.2 3 0
github.com/rmcguinness/gemini_task_engine/pkg/persistence/shift_agent_session.go:60.101,62.2 1 0
github.com/rmcguinness/gemini_task_engine/pkg/persistence/shift_agent_session.go:64.101,68.2 3 0
github.com/rmcguinness/gemini_task_engine/pkg/persistence/shift_agent_session.go:70.125,74.2 3 0
github.com/rmcguinness/gemini_task_engine/pkg/persistence/shift_agent_session.go:76.84,78.2 1 0
github.com/rmcguinness/gemini_task_engine/pkg/persistence/site.go:51.52,53.2 1 0
github.com/rmcguinness/gemini_task_engine/pkg/persistence/site.go:55.75,57.2 1 0
github.com/rmcguinness/gemini_task_engine/pkg/persistence/site.go:59.88,63.2 3 0
github.com/rmcguinness/gemini_task_engine/pkg/persistence/site.go:65.75,67.2 1 0
github.com/rmcguinness/gemini_task_engine/pkg/persistence/site.go:69.71,71.2 1 0
github.com/rmcguinness/gemini_task_engine/pkg/persistence/site.go:73.75,75.64 2 0
github.com/rmcguinness/gemini_task_engine/pkg/persistence/site.go:75.64,77.3 1 0
github.com/rmcguinness/gemini_task_engine/pkg/persistence/site.go:78.2,78.18 1 0
github.com/rmcguinness/gemini_task_engine/pkg/persistence/site.go:81.99,83.92 2 0
github.com/rmcguinness/gemini_task_engine/pkg/persistence/site.go:83.92,85.3 1 0
github.com/rmcguinness/gemini_task_engine/pkg/persistence/site.go:86.2,86.18 1 0
github.com/rmcguinness/gemini_task_engine/pkg/persistence/site.go:89.87,91.2 1 0
github.com/rmcguinness/gemini_task_engine/pkg/persistence/site.go:93.100,97.2 3 0
github.com/rmcguinness/gemini_task_engine/pkg/persistence/site.go:99.87,101.2 1 0
github.com/rmcguinness/gemini_task_engine/pkg/persistence/site.go:103.79,105.2 1 0
github.com/rmcguinness/gemini_task_engine/pkg/persistence/site.go:107.88,111.2 3 0
github.com/rmcguinness/gemini_task_engine/pkg/persistence/site.go:113.112,117.2 3 0
github.com/rmcguinness/gemini_task_engine/pkg/persistence/site.go:119.81,121.2 1 0
github.com/rmcguinness/gemini_task_engine/pkg/persistence/site.go:123.94,127.2 3 0
github.com/rmcguinness/gemini_task_engine/pkg/persistence/site.go:129.81,131.2 1 0
github.com/rmcguinness/gemini_task_engine/pkg/persistence/site.go:133.76,135.2 1 0
github.com/rmcguinness/gemini_task_engine/pkg/persistence/site.go:137.82,141.2 3 0
github.com/rmcguinness/gemini_task_engine/pkg/persistence/site.go:143.106,147.2 3 0
github.com/rmcguinness/gemini_task_engine/pkg/persistence/sop.go:47.50,49.2 1 0
github.com/rmcguinness/gemini_task_engine/pkg/persistence/sop.go:51.73,53.2 1 0
github.com/rmcguinness/gemini_task_engine/pkg/persistence/sop.go:55.86,59.2 3 0
github.com/rmcguinness/gemini_task_engine/pkg/persistence/sop.go:61.73,63.2 1 0
github.com/rmcguinness/gemini_task_engine/pkg/persistence/sop.go:65.87,67.2 1 0
github.com/rmcguinness/gemini_task_engine/pkg/persistence/sop.go:69.100,73.2 3 0
github.com/rmcguinness/gemini_task_engine/pkg/persistence/sop.go:75.87,77.2 1 0
github.com/rmcguinness/gemini_task_engine/pkg/persistence/sop.go:79.91,81.2 1 0
github.com/rmcguinness/gemini_task_engine/pkg/persistence/sop.go:83.131,91.2 3 0
github.com/rmcguinness/gemini_task_engine/pkg/persistence/sop.go:93.73,97.2 3 0
github.com/rmcguinness/gemini_task_engine/pkg/persistence/sop.go:99.97,103.2 3 0
github.com/rmcguinness/gemini_task_engine/pkg/persistence/sop.go:105.70,107.2 1 0
github.com/rmcguinness/gemini_task_engine/pkg/persistence/sop.go:109.89,113.2 3 0
github.com/rmcguinness/gemini_task_engine/pkg/persistence/sop.go:115.113,119.2 3 0
github.com/rmcguinness/gemini_task_engine/pkg/persistence/sop.go:121.77,123.2 1 0
github.com/rmcguinness/gemini_task_engine/pkg/persistence/task.go:40.52,42.2 1 0
github.com/rmcguinness/gemini_task_engine/pkg/persistence/task.go:44.75,46.2 1 0
github.com/rmcguinness/gemini_task_engine/pkg/persistence/task.go:48.88,52.2 3 0
github.com/rmcguinness/gemini_task_engine/pkg/persistence/task.go:54.75,56.2 1 0
github.com/rmcguinness/gemini_task_engine/pkg/persistence/task.go:58.71,60.2 1 0
github.com/rmcguinness/gemini_task_engine/pkg/persistence/task.go:62.99,64.2 1 0
github.com/rmcguinness/gemini_task_engine/pkg/persistence/task.go:66.75,70.2 3 0
github.com/rmcguinness/gemini_task_engine/pkg/persistence/task.go:72.99,76.2 3 0
github.com/rmcguinness/gemini_task_engine/pkg/persistence/task_execution.go:49.70,51.2 1 0
github.com/rmcguinness/gemini_task_engine/pkg/persistence/task_execution.go:53.93,55.2 1 0
github.com/rmcguinness/gemini_task_engine/pkg/persistence/task_execution.go:57.106,61.2 3 0
github.com/rmcguinness/gemini_task_engine/pkg/persistence/task_execution.go:63.93,65.2 1 0
github.com/rmcguinness/gemini_task_engine/pkg/persistence/task_execution.go:67.112,81.2 3 0
github.com/rmcguinness/gemini_task_engine/pkg/persistence/task_execution.go:83.114,97.2 3 0
github.com/rmcguinness/gemini_task_engine/pkg/persistence/task_execution.go:99.128,105.100 4 0
github.com/rmcguinness/gemini_task_engine/pkg/persistence/task_execution.go:105.100,106.35 1 0
github.com/rmcguinness/gemini_task_engine/pkg/persistence/task_execution.go:106.35,107.92 1 0
github.com/rmcguinness/gemini_task_engine/pkg/persistence/task_execution.go:107.92,109.10 2 0
github.com/rmcguinness/gemini_task_engine/pkg/persistence/task_execution.go:115.2,123.15 2 0
github.com/rmcguinness/gemini_task_engine/pkg/persistence/task_execution.go:123.15,129.3 2 0
github.com/rmcguinness/gemini_task_engine/pkg/persistence/task_execution.go:132.2,135.18 2 0
github.com/rmcguinness/gemini_task_engine/pkg/persistence/task_execution.go:138.94,140.2 1 0
github.com/rmcguinness/gemini_task_engine/pkg/persistence/task_execution.go:142.107,146.2 3 0
github.com/rmcguinness/gemini_task_engine/pkg/persistence/task_execution.go:148.94,150.2 1 0
github.com/rmcguinness/gemini_task_engine/pkg/persistence/task_execution.go:152.124,156.2 3 0
github.com/rmcguinness/gemini_task_engine/pkg/persistence/task_execution.go:158.130,162.2 3 0
github.com/rmcguinness/gemini_task_engine/pkg/persistence/task_execution.go:164.103,166.2 1 0
github.com/rmcguinness/gemini_task_engine/pkg/persistence/task_execution.go:168.93,172.2 3 0
github.com/rmcguinness/gemini_task_engine/pkg/persistence/task_execution.go:174.117,178.2 3 0
github.com/rmcguinness/gemini_task_engine/pkg/persistence/task_execution.go:180.80,182.2 1 0
github.com/rmcguinness/gemini_task_engine/pkg/persistence/task_execution.go:184.109,194.2 3 0
github.com/rmcguinness/gemini_task_engine/pkg/persistence/user.go:48.52,50.2 1 0
github.com/rmcguinness/gemini_task_engine/pkg/persistence/user.go:52.75,54.2 1 0
github.com/rmcguinness/gemini_task_engine/pkg/persistence/user.go:56.88,60.2 3 0
github.com/rmcguinness/gemini_task_engine/pkg/persistence/user.go:62.75,64.2 1 0
github.com/rmcguinness/gemini_task_engine/pkg/persistence/user.go:66.84,69.2 2 0
github.com/rmcguinness/gemini_task_engine/pkg/persistence/user.go:71.75,75.2 3 0
github.com/rmcguinness/gemini_task_engine/pkg/persistence/user.go:77.99,81.2 3 0
github.com/rmcguinness/gemini_task_engine/pkg/persistence/user.go:83.71,85.2 1 0
github.com/rmcguinness/gemini_task_engine/pkg/persistence/user.go:87.108,99.2 3 0
github.com/rmcguinness/gemini_task_engine/pkg/persistence/user.go:101.82,103.2 1 0
github.com/rmcguinness/gemini_task_engine/pkg/persistence/user.go:105.92,109.2 3 0
github.com/rmcguinness/gemini_task_engine/pkg/persistence/user.go:111.82,113.2 1 0
github.com/rmcguinness/gemini_task_engine/pkg/persistence/user.go:115.75,117.2 1 0
github.com/rmcguinness/gemini_task_engine/pkg/persistence/user.go:119.80,123.2 3 0
github.com/rmcguinness/gemini_task_engine/pkg/persistence/user.go:125.104,129.2 3 0
github.com/rmcguinness/gemini_task_engine/pkg/persistence/user.go:131.106,135.2 3 0
github.com/rmcguinness/gemini_task_engine/pkg/service/admin.go:99.16,106.2 1 0
github.com/rmcguinness/gemini_task_engine/pkg/service/admin.go:108.82,110.2 1 0
github.com/rmcguinness/gemini_task_engine/pkg/service/admin.go:112.89,114.2 1 0
github.com/rmcguinness/gemini_task_engine/pkg/service/admin.go:116.80,118.2 1 0
github.com/rmcguinness/gemini_task_engine/pkg/service/admin.go:120.73,122.2 1 0
github.com/rmcguinness/gemini_task_engine/pkg/service/admin.go:124.78,126.2 1 0
github.com/rmcguinness/gemini_task_engine/pkg/service/admin.go:128.102,130.2 1 0
github.com/rmcguinness/gemini_task_engine/pkg/service/admin.go:132.85,134.2 1 0
github.com/rmcguinness/gemini_task_engine/pkg/service/admin.go:136.108,138.2 1 0
github.com/rmcguinness/gemini_task_engine/pkg/service/admin.go:140.80,142.2 1 0
github.com/rmcguinness/gemini_task_engine/pkg/service/admin.go:144.89,146.2 1 0
github.com/rmcguinness/gemini_task_engine/pkg/service/admin.go:148.80,150.2 1 0
github.com/rmcguinness/gemini_task_engine/pkg/service/admin.go:152.73,154.2 1 0
github.com/rmcguinness/gemini_task_engine/pkg/service/admin.go:156.78,158.2 1 0
github.com/rmcguinness/gemini_task_engine/pkg/service/admin.go:160.102,162.2 1 0
github.com/rmcguinness/gemini_task_engine/pkg/service/admin.go:164.97,166.2 1 0
github.com/rmcguinness/gemini_task_engine/pkg/service/admin.go:168.105,170.2 1 0
github.com/rmcguinness/gemini_task_engine/pkg/service/admin.go:172.95,174.2 1 0
github.com/rmcguinness/gemini_task_engine/pkg/service/admin.go:176.81,178.2 1 0
github.com/rmcguinness/gemini_task_engine/pkg/service/admin.go:180.98,182.2 1 0
github.com/rmcguinness/gemini_task_engine/pkg/service/admin.go:184.94,186.2 1 0
github.com/rmcguinness/gemini_task_engine/pkg/service/admin.go:188.118,190.2 1 0
github.com/rmcguinness/gemini_task_engine/pkg/service/admin.go:192.82,194.2 1 0
github.com/rmcguinness/gemini_task_engine/pkg/service/admin.go:196.89,198.2 1 0
github.com/rmcguinness/gemini_task_engine/pkg/service/admin.go:200.80,202.2 1 0
github.com/rmcguinness/gemini_task_engine/pkg/service/admin.go:204.73,206.2 1 0
github.com/rmcguinness/gemini_task_engine/pkg/service/admin.go:208.78,210.2 1 0
github.com/rmcguinness/gemini_task_engine/pkg/service/admin.go:212.102,214.2 1 0
github.com/rmcguinness/gemini_task_engine/pkg/service/admin.go:216.89,218.2 1 0
github.com/rmcguinness/gemini_task_engine/pkg/service/admin.go:220.97,222.2 1 0
github.com/rmcguinness/gemini_task_engine/pkg/service/admin.go:224.87,226.2 1 0
github.com/rmcguinness/gemini_task_engine/pkg/service/admin.go:228.77,230.2 1 0
github.com/rmcguinness/gemini_task_engine/pkg/service/admin.go:232.86,234.2 1 0
github.com/rmcguinness/gemini_task_engine/pkg/service/admin.go:236.110,238.2 1 0
github.com/rmcguinness/gemini_task_engine/pkg/service/admin.go:240.85,242.2 1 0
github.com/rmcguinness/gemini_task_engine/pkg/service/admin.go:244.91,246.2 1 0
github.com/rmcguinness/gemini_task_engine/pkg/service/admin.go:248.83,250.2 1 0
github.com/rmcguinness/gemini_task_engine/pkg/service/admin.go:252.74,254.2 1 0
github.com/rmcguinness/gemini_task_engine/pkg/service/admin.go:256.80,258.2 1 0
github.com/rmcguinness/gemini_task_engine/pkg/service/admin.go:260.104,262.2 1 0
github.com/rmcguinness/gemini_task_engine/pkg/service/admin.go:264.88,266.2 1 0
github.com/rmcguinness/gemini_task_engine/pkg/service/admin.go:268.97,270.2 1 0
github.com/rmcguinness/gemini_task_engine/pkg/service/admin.go:272.88,274.2 1 0
github.com/rmcguinness/gemini_task_engine/pkg/service/admin.go:276.81,278.2 1 0
github.com/rmcguinness/gemini_task_engine/pkg/service/admin.go:280.86,282.2 1 0
github.com/rmcguinness/gemini_task_engine/pkg/service/admin.go:284.110,286.2 1 0
github.com/rmcguinness/gemini_task_engine/pkg/service/automation.go:57.21,66.2 1 1
github.com/rmcguinness/gemini_task_engine/pkg/service/automation.go:68.124,69.27 1 1
github.com/rmcguinness/gemini_task_engine/pkg/service/automation.go:69.27,71.3 1 1
github.com/rmcguinness/gemini_task_engine/pkg/service/automation.go:77.2,88.39 4 1
github.com/rmcguinness/gemini_task_engine/pkg/service/automation.go:88.39,92.17 3 1
github.com/rmcguinness/gemini_task_engine/pkg/service/automation.go:92.17,107.65 3 1
github.com/rmcguinness/gemini_task_engine/pkg/service/automation.go:107.65,109.5 1 0
github.com/rmcguinness/gemini_task_engine/pkg/service/automation.go:111.3,111.44 1 1
github.com/rmcguinness/gemini_task_engine/pkg/service/automation.go:114.2,115.37 2 1
github.com/rmcguinness/gemini_task_engine/pkg/service/automation.go:115.37,127.59 3 1
github.com/rmcguinness/gemini_task_engine/pkg/service/automation.go:127.59,129.4 1 0
github.com/rmcguinness/gemini_task_engine/pkg/service/automation.go:130.3,130.49 1 1
github.com/rmcguinness/gemini_task_engine/pkg/service/automation.go:133.2,133.26 1 1
github.com/rmcguinness/gemini_task_engine/pkg/service/automation.go:142.33,143.58 1 1
github.com/rmcguinness/gemini_task_engine/pkg/service/automation.go:143.58,145.3 1 1
github.com/rmcguinness/gemini_task_engine/pkg/service/automation.go:149.2,152.19 3 1
github.com/rmcguinness/gemini_task_engine/pkg/service/automation.go:153.33,155.65 2 1
github.com/rmcguinness/gemini_task_engine/pkg/service/automation.go:156.34,158.65 2 1
github.com/rmcguinness/gemini_task_engine/pkg/service/automation.go:159.37,161.65 2 0
github.com/rmcguinness/gemini_task_engine/pkg/service/automation.go:162.10,164.65 2 0
github.com/rmcguinness/gemini_task_engine/pkg/service/automation.go:168.2,169.16 2 1
github.com/rmcguinness/gemini_task_engine/pkg/service/automation.go:169.16,174.20 3 1
github.com/rmcguinness/gemini_task_engine/pkg/service/automation.go:175.34,181.5 2 1
github.com/rmcguinness/gemini_task_engine/pkg/service/automation.go:182.35,188.5 2 1
github.com/rmcguinness/gemini_task_engine/pkg/service/automation.go:189.38,194.5 2 0
github.com/rmcguinness/gemini_task_engine/pkg/service/automation.go:195.11,200.5 2 0
github.com/rmcguinness/gemini_task_engine/pkg/service/automation.go:203.3,214.64 3 1
github.com/rmcguinness/gemini_task_engine/pkg/service/automation.go:214.64,216.4 1 0
github.com/rmcguinness/gemini_task_engine/pkg/service/automation.go:223.2,228.35 4 1
github.com/rmcguinness/gemini_task_engine/pkg/service/automation.go:228.35,230.41 2 1
github.com/rmcguinness/gemini_task_engine/pkg/service/automation.go:230.41,232.4 1 1
github.com/rmcguinness/gemini_task_engine/pkg/service/automation.go:235.2,236.32 2 1
github.com/rmcguinness/gemini_task_engine/pkg/service/automation.go:236.32,238.3 1 1
github.com/rmcguinness/gemini_task_engine/pkg/service/automation.go:241.2,253.58 3 1
github.com/rmcguinness/gemini_task_engine/pkg/service/automation.go:253.58,255.3 1 0
github.com/rmcguinness/gemini_task_engine/pkg/service/automation.go:257.2,257.23 1 1
github.com/rmcguinness/gemini_task_engine/pkg/service/automation.go:260.87,262.2 1 0
github.com/rmcguinness/gemini_task_engine/pkg/service/rag.go:44.56,46.2 1 0
github.com/rmcguinness/gemini_task_engine/pkg/service/rag.go:48.119,52.28 3 0
github.com/rmcguinness/gemini_task_engine/pkg/service/rag.go:52.28,54.3 1 0
github.com/rmcguinness/gemini_task_engine/pkg/service/rag.go:55.2,55.27 1 0
github.com/rmcguinness/gemini_task_engine/pkg/service/rag.go:55.27,57.3 1 0
github.com/rmcguinness/gemini_task_engine/pkg/service/rag.go:58.2,58.20 1 0
github.com/rmcguinness/gemini_task_engine/pkg/service/rag.go:71.69,73.2 1 1
github.com/rmcguinness/gemini_task_engine/pkg/service/rag.go:75.70,77.2 1 0
github.com/rmcguinness/gemini_task_engine/pkg/service/rag.go:108.99,114.2 1 1
github.com/rmcguinness/gemini_task_engine/pkg/service/rag.go:117.128,123.2 1 1
github.com/rmcguinness/gemini_task_engine/pkg/service/rag.go:125.77,127.2 1 0
github.com/rmcguinness/gemini_task_engine/pkg/service/rag.go:129.86,131.2 1 0
github.com/rmcguinness/gemini_task_engine/pkg/service/rag.go:133.124,135.2 1 0
github.com/rmcguinness/gemini_task_engine/pkg/service/rag.go:137.132,138.39 1 1
github.com/rmcguinness/gemini_task_engine/pkg/service/rag.go:138.39,140.3 1 1
github.com/rmcguinness/gemini_task_engine/pkg/service/rag.go:142.2,147.51 2 1
github.com/rmcguinness/gemini_task_engine/pkg/service/rag.go:147.51,149.3 1 0
github.com/rmcguinness/gemini_task_engine/pkg/service/rag.go:151.2,162.62 4 1
github.com/rmcguinness/gemini_task_engine/pkg/service/rag.go:162.62,164.3 1 0
github.com/rmcguinness/gemini_task_engine/pkg/service/rag.go:167.2,169.26 2 1
github.com/rmcguinness/gemini_task_engine/pkg/service/rag.go:172.87,173.17 1 1
github.com/rmcguinness/gemini_task_engine/pkg/service/rag.go:173.17,175.3 1 1
github.com/rmcguinness/gemini_task_engine/pkg/service/rag.go:177.2,178.16 2 1
github.com/rmcguinness/gemini_task_engine/pkg/service/rag.go:178.16,180.3 1 1
github.com/rmcguinness/gemini_task_engine/pkg/service/rag.go:182.2,183.93 2 1
github.com/rmcguinness/gemini_task_engine/pkg/service/rag.go:183.93,184.61 1 1
github.com/rmcguinness/gemini_task_engine/pkg/service/rag.go:184.61,186.4 1 1
github.com/rmcguinness/gemini_task_engine/pkg/service/rag.go:187.8,190.3 1 0
github.com/rmcguinness/gemini_task_engine/pkg/service/rag.go:193.2,194.51 2 1
github.com/rmcguinness/gemini_task_engine/pkg/service/rag.go:194.51,195.17 1 1
github.com/rmcguinness/gemini_task_engine/pkg/service/rag.go:195.17,197.4 1 0
github.com/rmcguinness/gemini_task_engine/pkg/service/rag.go:198.3,198.81 1 1
github.com/rmcguinness/gemini_task_engine/pkg/service/rag.go:200.2,203.29 3 1
github.com/rmcguinness/gemini_task_engine/pkg/service/rag.go:203.29,207.43 3 1
github.com/rmcguinness/gemini_task_engine/pkg/service/rag.go:207.43,208.32 1 1
github.com/rmcguinness/gemini_task_engine/pkg/service/rag.go:208.32,210.5 1 1
github.com/rmcguinness/gemini_task_engine/pkg/service/rag.go:211.9,211.61 1 0
github.com/rmcguinness/gemini_task_engine/pkg/service/rag.go:211.61,212.62 1 0
github.com/rmcguinness/gemini_task_engine/pkg/service/rag.go:212.62,213.51 1 0
github.com/rmcguinness/gemini_task_engine/pkg/service/rag.go:213.51,215.6 1 0
github.com/rmcguinness/gemini_task_engine/pkg/service/rag.go:218.8,223.44 4 1
github.com/rmcguinness/gemini_task_engine/pkg/service/rag.go:223.44,225.4 1 1
github.com/rmcguinness/gemini_task_engine/pkg/service/rag.go:225.9,228.61 2 1
github.com/rmcguinness/gemini_task_engine/pkg/service/rag.go:228.61,231.19 3 1
github.com/rmcguinness/gemini_task_engine/pkg/service/rag.go:231.19,234.46 3 1
github.com/rmcguinness/gemini_task_engine/pkg/service/rag.go:234.46,236.7 1 1
github.com/rmcguinness/gemini_task_engine/pkg/service/rag.go:242.2,242.13 1 1
github.com/rmcguinness/gemini_task_engine/pkg/service/rag.go:242.13,254.63 4 1
github.com/rmcguinness/gemini_task_engine/pkg/service/rag.go:254.63,256.4 1 0
github.com/rmcguinness/gemini_task_engine/pkg/service/rag.go:258.3,259.19 2 1
github.com/rmcguinness/gemini_task_engine/pkg/service/rag.go:263.2,266.51 4 1
github.com/rmcguinness/gemini_task_engine/pkg/service/rag.go:266.51,268.3 1 0
github.com/rmcguinness/gemini_task_engine/pkg/service/rag.go:270.2,270.19 1 1
github.com/rmcguinness/gemini_task_engine/pkg/service/rag.go:273.87,275.46 2 1
github.com/rmcguinness/gemini_task_engine/pkg/service/rag.go:275.46,276.17 1 1
github.com/rmcguinness/gemini_task_engine/pkg/service/rag.go:276.17,278.4 1 0
github.com/rmcguinness/gemini_task_engine/pkg/service/rag.go:279.3,280.9 2 1
github.com/rmcguinness/gemini_task_engine/pkg/service/rag.go:284.2,285.51 2 1
github.com/rmcguinness/gemini_task_engine/pkg/service/rag.go:285.51,286.17 1 1
github.com/rmcguinness/gemini_task_engine/pkg/service/rag.go:286.17,288.4 1 1
github.com/rmcguinness/gemini_task_engine/pkg/service/rag.go:289.3,290.9 2 1
github.com/rmcguinness/gemini_task_engine/pkg/service/rag.go:292.2,294.38 2 1
github.com/rmcguinness/gemini_task_engine/pkg/service/rag.go:294.38,297.3 2 1
github.com/rmcguinness/gemini_task_engine/pkg/service/rag.go:299.2,300.16 2 1
github.com/rmcguinness/gemini_task_engine/pkg/service/rag.go:300.16,303.3 2 0
github.com/rmcguinness/gemini_task_engine/pkg/service/rag.go:306.2,308.48 3 1
github.com/rmcguinness/gemini_task_engine/pkg/service/rag.go:308.48,310.3 1 1
github.com/rmcguinness/gemini_task_engine/pkg/service/rag.go:310.8,310.61 1 1
github.com/rmcguinness/gemini_task_engine/pkg/service/rag.go:310.61,312.3 1 1
github.com/rmcguinness/gemini_task_engine/pkg/service/rag.go:312.8,312.132 1 1
github.com/rmcguinness/gemini_task_engine/pkg/service/rag.go:312.132,314.3 1 0
github.com/rmcguinness/gemini_task_engine/pkg/service/rag.go:314.8,314.59 1 1
github.com/rmcguinness/gemini_task_engine/pkg/service/rag.go:314.59,316.3 1 0
github.com/rmcguinness/gemini_task_engine/pkg/service/rag.go:318.2,321.24 3 1
github.com/rmcguinness/gemini_task_engine/pkg/service/rag.go:321.24,323.20 2 1
github.com/rmcguinness/gemini_task_engine/pkg/service/rag.go:323.20,324.62 1 1
github.com/rmcguinness/gemini_task_engine/pkg/service/rag.go:324.62,326.5 1 1
github.com/rmcguinness/gemini_task_engine/pkg/service/rag.go:328.3,328.23 1 1
github.com/rmcguinness/gemini_task_engine/pkg/service/rag.go:328.23,330.65 2 1
github.com/rmcguinness/gemini_task_engine/pkg/service/rag.go:330.65,332.5 1 0
github.com/rmcguinness/gemini_task_engine/pkg/service/rag.go:334.3,334.23 1 1
github.com/rmcguinness/gemini_task_engine/pkg/service/rag.go:334.23,337.4 2 1
github.com/rmcguinness/gemini_task_engine/pkg/service/rag.go:338.8,341.3 2 1
github.com/rmcguinness/gemini_task_engine/pkg/service/rag.go:344.2,347.27 2 1
github.com/rmcguinness/gemini_task_engine/pkg/service/rag.go:347.27,350.3 2 0
github.com/rmcguinness/gemini_task_engine/pkg/service/rag.go:351.2,355.45 4 1
github.com/rmcguinness/gemini_task_engine/pkg/service/rag.go:355.45,357.23 2 1
github.com/rmcguinness/gemini_task_engine/pkg/service/rag.go:357.23,359.4 1 1
github.com/rmcguinness/gemini_task_engine/pkg/service/rag.go:360.3,364.17 3 1
github.com/rmcguinness/gemini_task_engine/pkg/service/rag.go:364.17,367.4 2 0
github.com/rmcguinness/gemini_task_engine/pkg/service/rag.go:369.3,375.5 1 1
github.com/rmcguinness/gemini_task_engine/pkg/service/rag.go:379.2,379.60 1 1
github.com/rmcguinness/gemini_task_engine/pkg/service/rag.go:379.60,382.3 2 0
github.com/rmcguinness/gemini_task_engine/pkg/service/rag.go:385.2,396.16 3 1
github.com/rmcguinness/gemini_task_engine/pkg/service/rag.go:396.16,399.3 2 0
github.com/rmcguinness/gemini_task_engine/pkg/service/rag.go:401.2,402.51 2 1
github.com/rmcguinness/gemini_task_engine/pkg/service/rag.go:402.51,405.3 2 0
github.com/rmcguinness/gemini_task_engine/pkg/service/rag.go:408.2,409.34 2 1
github.com/rmcguinness/gemini_task_engine/pkg/service/rag.go:409.34,411.3 1 1
github.com/rmcguinness/gemini_task_engine/pkg/service/rag.go:412.2,414.43 3 1
github.com/rmcguinness/gemini_task_engine/pkg/service/rag.go:417.77,419.39 2 1
github.com/rmcguinness/gemini_task_engine/pkg/service/rag.go:419.39,421.3 1 1
github.com/rmcguinness/gemini_task_engine/pkg/service/rag.go:423.2,425.43 3 1
github.com/rmcguinness/gemini_task_engine/pkg/service/rag.go:428.63,430.24 2 1
github.com/rmcguinness/gemini_task_engine/pkg/service/rag.go:430.24,434.3 2 1
github.com/rmcguinness/gemini_task_engine/pkg/service/rag.go:435.2,435.31 1 1
github.com/rmcguinness/gemini_task_engine/pkg/service/rag.go:438.85,440.2 1 1
github.com/rmcguinness/gemini_task_engine/pkg/service/rag.go:442.74,444.2 1 1
github.com/rmcguinness/gemini_task_engine/pkg/service/rag.go:446.98,448.2 1 1
github.com/rmcguinness/gemini_task_engine/pkg/service/rag.go:450.70,452.2 1 1
github.com/rmcguinness/gemini_task_engine/pkg/service/rag.go:454.96,456.2 1 1
github.com/rmcguinness/gemini_task_engine/pkg/service/rag.go:458.86,460.2 1 1
github.com/rmcguinness/gemini_task_engine/pkg/service/rag.go:462.110,464.2 1 1
github.com/rmcguinness/gemini_task_engine/pkg/service/rag.go:466.74,468.2 1 1
github.com/rmcguinness/gemini_task_engine/pkg/service/scheduler.go:57.137,59.16 2 0
github.com/rmcguinness/gemini_task_engine/pkg/service/scheduler.go:59.16,61.3 1 0
github.com/rmcguinness/gemini_task_engine/pkg/service/scheduler.go:62.2,63.16 2 0
github.com/rmcguinness/gemini_task_engine/pkg/service/scheduler.go:63.16,65.3 1 0
github.com/rmcguinness/gemini_task_engine/pkg/service/scheduler.go:66.2,68.16 3 0
github.com/rmcguinness/gemini_task_engine/pkg/service/scheduler.go:68.16,71.3 2 0
github.com/rmcguinness/gemini_task_engine/pkg/service/scheduler.go:72.2,72.14 1 0
github.com/rmcguinness/gemini_task_engine/pkg/service/scheduler.go:72.14,75.3 2 0
github.com/rmcguinness/gemini_task_engine/pkg/service/scheduler.go:76.2,77.19 2 0
github.com/rmcguinness/gemini_task_engine/pkg/service/scheduler.go:80.120,81.18 1 0
github.com/rmcguinness/gemini_task_engine/pkg/service/scheduler.go:81.18,86.3 4 0
github.com/rmcguinness/gemini_task_engine/pkg/service/scheduler.go:87.2,87.12 1 0
github.com/rmcguinness/gemini_task_engine/pkg/service/scheduler.go:90.110,91.17 1 0
github.com/rmcguinness/gemini_task_engine/pkg/service/scheduler.go:91.17,93.3 1 0
github.com/rmcguinness/gemini_task_engine/pkg/service/scheduler.go:94.2,107.19 5 0
github.com/rmcguinness/gemini_task_engine/pkg/service/scheduler.go:110.145,112.67 2 0
github.com/rmcguinness/gemini_task_engine/pkg/service/scheduler.go:112.67,122.17 2 0
github.com/rmcguinness/gemini_task_engine/pkg/service/scheduler.go:122.17,124.4 1 0
github.com/rmcguinness/gemini_task_engine/pkg/service/scheduler.go:125.3,125.26 1 0
github.com/rmcguinness/gemini_task_engine/pkg/service/scheduler.go:125.26,127.33 2 0
github.com/rmcguinness/gemini_task_engine/pkg/service/scheduler.go:127.33,129.5 1 0
github.com/rmcguinness/gemini_task_engine/pkg/service/scheduler.go:130.4,138.14 3 0
github.com/rmcguinness/gemini_task_engine/pkg/service/scheduler.go:140.3,140.13 1 0
github.com/rmcguinness/gemini_task_engine/pkg/service/scheduler.go:142.2,142.24 1 0
github.com/rmcguinness/gemini_task_engine/pkg/service/scheduler.go:145.146,147.67 2 0
github.com/rmcguinness/gemini_task_engine/pkg/service/scheduler.go:147.67,156.17 2 0
github.com/rmcguinness/gemini_task_engine/pkg/service/scheduler.go:156.17,158.4 1 0
github.com/rmcguinness/gemini_task_engine/pkg/service/scheduler.go:159.3,159.25 1 0
github.com/rmcguinness/gemini_task_engine/pkg/service/scheduler.go:159.25,161.32 2 0
github.com/rmcguinness/gemini_task_engine/pkg/service/scheduler.go:161.32,163.5 1 0
github.com/rmcguinness/gemini_task_engine/pkg/service/scheduler.go:164.4,172.14 3 0
github.com/rmcguinness/gemini_task_engine/pkg/service/scheduler.go:174.3,174.13 1 0
github.com/rmcguinness/gemini_task_engine/pkg/service/scheduler.go:176.2,176.23 1 0
github.com/rmcguinness/gemini_task_engine/pkg/service/scheduler.go:192.76,193.15 1 0
github.com/rmcguinness/gemini_task_engine/pkg/service/scheduler.go:193.15,195.3 1 0
github.com/rmcguinness/gemini_task_engine/pkg/service/scheduler.go:196.2,197.16 2 0
github.com/rmcguinness/gemini_task_engine/pkg/service/scheduler.go:197.16,200.3 2 0
github.com/rmcguinness/gemini_task_engine/pkg/service/scheduler.go:201.2,201.10 1 0
github.com/rmcguinness/gemini_task_engine/pkg/service/scheduler.go:204.48,205.14 1 0
github.com/rmcguinness/gemini_task_engine/pkg/service/scheduler.go:205.14,207.3 1 0
github.com/rmcguinness/gemini_task_engine/pkg/service/scheduler.go:208.2,208.12 1 0
github.com/rmcguinness/gemini_task_engine/pkg/service/scheduler.go:273.141,275.2 1 0
github.com/rmcguinness/gemini_task_engine/pkg/service/scheduler.go:278.172,310.2 10 0
github.com/rmcguinness/gemini_task_engine/pkg/service/scheduler.go:313.181,334.2 2 1
github.com/rmcguinness/gemini_task_engine/pkg/service/scheduler.go:336.44,338.2 1 1
github.com/rmcguinness/gemini_task_engine/pkg/service/scheduler.go:340.49,345.2 4 1
github.com/rmcguinness/gemini_task_engine/pkg/service/scheduler.go:347.53,349.2 1 1
github.com/rmcguinness/gemini_task_engine/pkg/service/scheduler.go:351.44,355.2 3 1
github.com/rmcguinness/gemini_task_engine/pkg/service/scheduler.go:357.56,361.2 3 1
github.com/rmcguinness/gemini_task_engine/pkg/service/scheduler.go:363.61,365.15 2 0
github.com/rmcguinness/gemini_task_engine/pkg/service/scheduler.go:365.15,368.3 2 0
github.com/rmcguinness/gemini_task_engine/pkg/service/scheduler.go:369.2,388.12 13 0
github.com/rmcguinness/gemini_task_engine/pkg/service/scheduler.go:391.41,393.16 2 0
github.com/rmcguinness/gemini_task_engine/pkg/service/scheduler.go:393.16,396.3 2 0
github.com/rmcguinness/gemini_task_engine/pkg/service/scheduler.go:397.2,402.25 4 0
github.com/rmcguinness/gemini_task_engine/pkg/service/scheduler.go:402.25,404.3 1 0
github.com/rmcguinness/gemini_task_engine/pkg/service/scheduler.go:406.2,411.12 4 0
github.com/rmcguinness/gemini_task_engine/pkg/service/scheduler.go:414.78,415.19 1 0
github.com/rmcguinness/gemini_task_engine/pkg/service/scheduler.go:415.19,417.3 1 0
github.com/rmcguinness/gemini_task_engine/pkg/service/scheduler.go:418.2,419.42 2 0
github.com/rmcguinness/gemini_task_engine/pkg/service/scheduler.go:425.68,430.6 4 0
github.com/rmcguinness/gemini_task_engine/pkg/service/scheduler.go:430.6,431.10 1 0
github.com/rmcguinness/gemini_task_engine/pkg/service/scheduler.go:432.21,433.10 1 0
github.com/rmcguinness/gemini_task_engine/pkg/service/scheduler.go:434.19,435.32 1 0
github.com/rmcguinness/gemini_task_engine/pkg/service/scheduler.go:440.71,444.25 3 1
github.com/rmcguinness/gemini_task_engine/pkg/service/scheduler.go:444.25,446.30 2 0
github.com/rmcguinness/gemini_task_engine/pkg/service/scheduler.go:446.30,449.4 2 0
github.com/rmcguinness/gemini_task_engine/pkg/service/scheduler.go:450.3,450.32 1 0
github.com/rmcguinness/gemini_task_engine/pkg/service/scheduler.go:453.2,454.16 2 1
github.com/rmcguinness/gemini_task_engine/pkg/service/scheduler.go:454.16,457.3 2 0
github.com/rmcguinness/gemini_task_engine/pkg/service/scheduler.go:459.2,459.14 1 1
github.com/rmcguinness/gemini_task_engine/pkg/service/scheduler.go:459.14,462.3 2 1
github.com/rmcguinness/gemini_task_engine/pkg/service/scheduler.go:462.8,464.3 1 1
github.com/rmcguinness/gemini_task_engine/pkg/service/scheduler.go:467.48,471.2 3 1
github.com/rmcguinness/gemini_task_engine/pkg/service/scheduler.go:473.56,474.25 1 1
github.com/rmcguinness/gemini_task_engine/pkg/service/scheduler.go:474.25,477.3 2 1
github.com/rmcguinness/gemini_task_engine/pkg/service/scheduler.go:478.2,478.29 1 1
github.com/rmcguinness/gemini_task_engine/pkg/service/scheduler.go:481.60,487.2 5 1
github.com/rmcguinness/gemini_task_engine/pkg/service/scheduler.go:492.69,497.6 4 0
github.com/rmcguinness/gemini_task_engine/pkg/service/scheduler.go:497.6,498.10 1 0
github.com/rmcguinness/gemini_task_engine/pkg/service/scheduler.go:499.21,500.10 1 0
github.com/rmcguinness/gemini_task_engine/pkg/service/scheduler.go:501.19,502.31 1 0
github.com/rmcguinness/gemini_task_engine/pkg/service/scheduler.go:507.70,510.16 3 1
github.com/rmcguinness/gemini_task_engine/pkg/service/scheduler.go:510.16,513.3 2 0
github.com/rmcguinness/gemini_task_engine/pkg/service/scheduler.go:515.2,515.26 1 1
github.com/rmcguinness/gemini_task_engine/pkg/service/scheduler.go:515.26,517.3 1 0
github.com/rmcguinness/gemini_task_engine/pkg/service/scheduler.go:519.2,526.34 6 1
github.com/rmcguinness/gemini_task_engine/pkg/service/scheduler.go:526.34,528.3 1 1
github.com/rmcguinness/gemini_task_engine/pkg/service/scheduler.go:531.95,532.15 1 1
github.com/rmcguinness/gemini_task_engine/pkg/service/scheduler.go:532.15,536.3 3 0
github.com/rmcguinness/gemini_task_engine/pkg/service/scheduler.go:538.2,540.9 2 1
github.com/rmcguinness/gemini_task_engine/pkg/service/scheduler.go:541.20,542.9 1 0
github.com/rmcguinness/gemini_task_engine/pkg/service/scheduler.go:543.44,543.44 0 0
github.com/rmcguinness/gemini_task_engine/pkg/service/scheduler.go:546.2,554.16 8 0
github.com/rmcguinness/gemini_task_engine/pkg/service/scheduler.go:554.16,557.3 2 0
github.com/rmcguinness/gemini_task_engine/pkg/service/scheduler.go:559.2,562.102 4 0
github.com/rmcguinness/gemini_task_engine/pkg/service/scheduler.go:568.75,573.6 4 0
github.com/rmcguinness/gemini_task_engine/pkg/service/scheduler.go:573.6,574.10 1 0
github.com/rmcguinness/gemini_task_engine/pkg/service/scheduler.go:575.21,576.10 1 0
github.com/rmcguinness/gemini_task_engine/pkg/service/scheduler.go:577.19,578.36 1 0
github.com/rmcguinness/gemini_task_engine/pkg/service/scheduler.go:583.75,586.16 3 0
github.com/rmcguinness/gemini_task_engine/pkg/service/scheduler.go:586.16,589.3 2 0
github.com/rmcguinness/gemini_task_engine/pkg/service/scheduler.go:591.2,591.25 1 0
github.com/rmcguinness/gemini_task_engine/pkg/service/scheduler.go:591.25,593.3 1 0
github.com/rmcguinness/gemini_task_engine/pkg/service/scheduler.go:595.2,597.33 2 0
github.com/rmcguinness/gemini_task_engine/pkg/service/scheduler.go:597.33,598.32 1 0
github.com/rmcguinness/gemini_task_engine/pkg/service/scheduler.go:598.32,600.4 1 0
github.com/rmcguinness/gemini_task_engine/pkg/service/scheduler.go:607.72,612.6 4 0
github.com/rmcguinness/gemini_task_engine/pkg/service/scheduler.go:612.6,613.10 1 0
github.com/rmcguinness/gemini_task_engine/pkg/service/scheduler.go:614.21,615.10 1 0
github.com/rmcguinness/gemini_task_engine/pkg/service/scheduler.go:616.19,617.20 1 0
github.com/rmcguinness/gemini_task_engine/pkg/service/scheduler.go:617.20,619.5 1 0
github.com/rmcguinness/gemini_task_engine/pkg/service/scheduler.go:624.75,632.16 4 1
github.com/rmcguinness/gemini_task_engine/pkg/service/scheduler.go:632.16,635.3 2 0
github.com/rmcguinness/gemini_task_engine/pkg/service/scheduler.go:637.2,637.30 1 1
github.com/rmcguinness/gemini_task_engine/pkg/service/scheduler.go:637.30,640.40 2 1
github.com/rmcguinness/gemini_task_engine/pkg/service/scheduler.go:640.40,645.41 4 1
github.com/rmcguinness/gemini_task_engine/pkg/service/scheduler.go:645.41,650.5 4 1
github.com/rmcguinness/gemini_task_engine/pkg/service/scheduler.go:650.10,658.5 7 1
github.com/rmcguinness/gemini_task_engine/pkg/service/scheduler.go:660.4,660.46 1 1
github.com/rmcguinness/gemini_task_engine/pkg/service/scheduler.go:665.2,669.16 3 1
github.com/rmcguinness/gemini_task_engine/pkg/service/scheduler.go:669.16,672.3 2 0
github.com/rmcguinness/gemini_task_engine/pkg/service/scheduler.go:674.2,674.29 1 1
github.com/rmcguinness/gemini_task_engine/pkg/service/scheduler.go:674.29,677.39 2 1
github.com/rmcguinness/gemini_task_engine/pkg/service/scheduler.go:677.39,682.41 4 1
github.com/rmcguinness/gemini_task_engine/pkg/service/scheduler.go:682.41,687.5 4 1
github.com/rmcguinness/gemini_task_engine/pkg/service/scheduler.go:687.10,692.5 4 1
github.com/rmcguinness/gemini_task_engine/pkg/service/scheduler.go:694.4,694.46 1 1
github.com/rmcguinness/gemini_task_engine/pkg/service/scheduler.go:702.77,707.6 4 0
github.com/rmcguinness/gemini_task_engine/pkg/service/scheduler.go:707.6,708.10 1 0
github.com/rmcguinness/gemini_task_engine/pkg/service/scheduler.go:709.21,710.10 1 0
github.com/rmcguinness/gemini_task_engine/pkg/service/scheduler.go:711.19,712.20 1 0
github.com/rmcguinness/gemini_task_engine/pkg/service/scheduler.go:712.20,715.5 2 0
github.com/rmcguinness/gemini_task_engine/pkg/service/scheduler.go:720.72,723.16 3 0
github.com/rmcguinness/gemini_task_engine/pkg/service/scheduler.go:723.16,726.3 2 0
github.com/rmcguinness/gemini_task_engine/pkg/service/scheduler.go:728.2,728.27 1 0
github.com/rmcguinness/gemini_task_engine/pkg/service/scheduler.go:728.27,730.17 2 0
github.com/rmcguinness/gemini_task_engine/pkg/service/scheduler.go:730.17,732.12 2 0
github.com/rmcguinness/gemini_task_engine/pkg/service/scheduler.go:734.3,734.14 1 0
github.com/rmcguinness/gemini_task_engine/pkg/service/scheduler.go:734.14,736.4 1 0
github.com/rmcguinness/gemini_task_engine/pkg/service/scheduler.go:740.82,747.16 4 0
github.com/rmcguinness/gemini_task_engine/pkg/service/scheduler.go:747.16,749.3 1 0
github.com/rmcguinness/gemini_task_engine/pkg/service/scheduler.go:751.2,751.37 1 0
github.com/rmcguinness/gemini_task_engine/pkg/service/scheduler.go:751.37,761.17 3 0
github.com/rmcguinness/gemini_task_engine/pkg/service/scheduler.go:761.17,763.12 2 0
github.com/rmcguinness/gemini_task_engine/pkg/service/scheduler.go:767.3,772.30 3 0
github.com/rmcguinness/gemini_task_engine/pkg/service/scheduler.go:772.30,774.12 1 0
github.com/rmcguinness/gemini_task_engine/pkg/service/scheduler.go:778.3,779.17 2 0
github.com/rmcguinness/gemini_task_engine/pkg/service/scheduler.go:779.17,781.4 1 0
github.com/rmcguinness/gemini_task_engine/pkg/service/scheduler.go:781.9,783.4 1 0
github.com/rmcguinness/gemini_task_engine/pkg/service/scheduler.go:785.2,785.12 1 0
github.com/rmcguinness/gemini_task_engine/pkg/service/scheduler.go:788.60,794.2 5 0
github.com/rmcguinness/gemini_task_engine/pkg/service/shift.go:44.125,49.2 1 1
github.com/rmcguinness/gemini_task_engine/pkg/service/shift.go:51.127,54.54 2 1
github.com/rmcguinness/gemini_task_engine/pkg/service/shift.go:54.54,56.3 1 1
github.com/rmcguinness/gemini_task_engine/pkg/service/shift.go:59.2,60.16 2 1
github.com/rmcguinness/gemini_task_engine/pkg/service/shift.go:60.16,62.3 1 1
github.com/rmcguinness/gemini_task_engine/pkg/service/shift.go:65.2,71.16 3 1
github.com/rmcguinness/gemini_task_engine/pkg/service/shift.go:71.16,73.3 1 0
github.com/rmcguinness/gemini_task_engine/pkg/service/shift.go:75.2,83.62 2 1
github.com/rmcguinness/gemini_task_engine/pkg/service/shift.go:83.62,85.3 1 0
github.com/rmcguinness/gemini_task_engine/pkg/service/shift.go:87.2,87.24 1 1
github.com/rmcguinness/gemini_task_engine/pkg/service/shift.go:90.99,92.2 1 0
github.com/rmcguinness/gemini_task_engine/pkg/service/shift.go:94.84,96.2 1 0
github.com/rmcguinness/gemini_task_engine/pkg/service/shift.go:98.106,100.2 1 0
github.com/rmcguinness/gemini_task_engine/pkg/service/shift.go:103.96,105.2 1 1
github.com/rmcguinness/gemini_task_engine/pkg/service/shift.go:107.105,109.2 1 1
github.com/rmcguinness/gemini_task_engine/pkg/service/shift.go:111.94,113.2 1 1
github.com/rmcguinness/gemini_task_engine/pkg/service/shift.go:115.118,117.2 1 1
github.com/rmcguinness/gemini_task_engine/pkg/service/shift.go:119.76,121.2 1 1
github.com/rmcguinness/gemini_task_engine/pkg/service/task.go:57.116,62.2 1 1
github.com/rmcguinness/gemini_task_engine/pkg/service/task.go:64.100,66.2 1 1
github.com/rmcguinness/gemini_task_engine/pkg/service/task.go:68.83,70.2 1 1
github.com/rmcguinness/gemini_task_engine/pkg/service/task.go:72.102,74.2 1 1
github.com/rmcguinness/gemini_task_engine/pkg/service/task.go:76.116,78.2 1 1
github.com/rmcguinness/gemini_task_engine/pkg/service/task.go:80.115,85.16 3 1
github.com/rmcguinness/gemini_task_engine/pkg/service/task.go:85.16,87.3 1 0
github.com/rmcguinness/gemini_task_engine/pkg/service/task.go:89.2,93.16 3 1
github.com/rmcguinness/gemini_task_engine/pkg/service/task.go:94.21,95.34 1 1
github.com/rmcguinness/gemini_task_engine/pkg/service/task.go:95.34,98.4 2 1
github.com/rmcguinness/gemini_task_engine/pkg/service/task.go:98.9,98.40 1 1
github.com/rmcguinness/gemini_task_engine/pkg/service/task.go:98.40,100.28 1 1
github.com/rmcguinness/gemini_task_engine/pkg/service/task.go:100.28,104.5 3 1
github.com/rmcguinness/gemini_task_engine/pkg/service/task.go:105.4,105.31 1 1
github.com/rmcguinness/gemini_task_engine/pkg/service/task.go:107.16,108.38 1 1
github.com/rmcguinness/gemini_task_engine/pkg/service/task.go:108.38,111.4 2 1
github.com/rmcguinness/gemini_task_engine/pkg/service/task.go:112.19,114.26 2 1
github.com/rmcguinness/gemini_task_engine/pkg/service/task.go:118.2,118.26 1 1
github.com/rmcguinness/gemini_task_engine/pkg/service/task.go:118.26,125.90 2 1
github.com/rmcguinness/gemini_task_engine/pkg/service/task.go:125.90,127.36 2 1
github.com/rmcguinness/gemini_task_engine/pkg/service/task.go:127.36,128.82 1 1
github.com/rmcguinness/gemini_task_engine/pkg/service/task.go:128.82,131.46 2 1
github.com/rmcguinness/gemini_task_engine/pkg/service/task.go:131.46,133.37 2 1
github.com/rmcguinness/gemini_task_engine/pkg/service/task.go:133.37,135.28 1 1
github.com/rmcguinness/gemini_task_engine/pkg/service/task.go:136.21,140.23 4 1
github.com/rmcguinness/gemini_task_engine/pkg/service/task.go:141.21,144.23 3 1
github.com/rmcguinness/gemini_task_engine/pkg/service/task.go:145.22,146.83 1 1
github.com/rmcguinness/gemini_task_engine/pkg/service/task.go:146.83,147.80 1 1
github.com/rmcguinness/gemini_task_engine/pkg/service/task.go:147.80,151.67 3 1
github.com/rmcguinness/gemini_task_engine/pkg/service/task.go:151.67,153.12 1 1
github.com/rmcguinness/gemini_task_engine/pkg/service/task.go:154.11,154.81 1 1
github.com/rmcguinness/gemini_task_engine/pkg/service/task.go:157.9,159.23 3 1
github.com/rmcguinness/gemini_task_engine/pkg/service/task.go:160.24,168.82 6 1
github.com/rmcguinness/gemini_task_engine/pkg/service/task.go:168.82,169.78 1 1
github.com/rmcguinness/gemini_task_engine/pkg/service/task.go:169.78,173.67 3 1
github.com/rmcguinness/gemini_task_engine/pkg/service/task.go:173.67,175.12 1 1
github.com/rmcguinness/gemini_task_engine/pkg/service/task.go:176.11,180.59 3 1
github.com/rmcguinness/gemini_task_engine/pkg/service/task.go:180.59,182.12 1 1
github.com/rmcguinness/gemini_task_engine/pkg/service/task.go:183.11,183.71 1 1
github.com/rmcguinness/gemini_task_engine/pkg/service/task.go:187.8,187.13 1 1
github.com/rmcguinness/gemini_task_engine/pkg/service/task.go:190.6,190.17 1 1
github.com/rmcguinness/gemini_task_engine/pkg/service/task.go:190.17,193.7 2 1
github.com/rmcguinness/gemini_task_engine/pkg/service/task.go:196.9,199.4 1 1
github.com/rmcguinness/gemini_task_engine/pkg/service/task.go:202.2,202.45 1 1
github.com/rmcguinness/gemini_task_engine/pkg/service/task.go:206.126,210.16 3 1
github.com/rmcguinness/gemini_task_engine/pkg/service/task.go:210.16,212.3 1 1
github.com/rmcguinness/gemini_task_engine/pkg/service/task.go:214.2,215.16 2 1
github.com/rmcguinness/gemini_task_engine/pkg/service/task.go:215.16,217.3 1 1
github.com/rmcguinness/gemini_task_engine/pkg/service/task.go:220.2,221.33 2 1
github.com/rmcguinness/gemini_task_engine/pkg/service/task.go:221.33,222.68 1 1
github.com/rmcguinness/gemini_task_engine/pkg/service/task.go:222.68,224.4 1 0
github.com/rmcguinness/gemini_task_engine/pkg/service/task.go:225.8,227.3 1 0
github.com/rmcguinness/gemini_task_engine/pkg/service/task.go:230.2,238.16 3 1
github.com/rmcguinness/gemini_task_engine/pkg/service/task.go:238.16,240.3 1 0
github.com/rmcguinness/gemini_task_engine/pkg/service/task.go:241.2,244.45 2 1
github.com/rmcguinness/gemini_task_engine/pkg/service/task.go:247.116,251.16 3 1
github.com/rmcguinness/gemini_task_engine/pkg/service/task.go:251.16,253.3 1 1
github.com/rmcguinness/gemini_task_engine/pkg/service/task.go:255.2,255.32 1 1
github.com/rmcguinness/gemini_task_engine/pkg/service/task.go:255.32,257.3 1 1
github.com/rmcguinness/gemini_task_engine/pkg/service/task.go:258.2,258.36 1 1
github.com/rmcguinness/gemini_task_engine/pkg/service/task.go:258.36,260.3 1 1
github.com/rmcguinness/gemini_task_engine/pkg/service/task.go:262.2,263.30 2 1
github.com/rmcguinness/gemini_task_engine/pkg/service/task.go:263.30,265.3 1 1
github.com/rmcguinness/gemini_task_engine/pkg/service/task.go:267.2,274.67 2 1
github.com/rmcguinness/gemini_task_engine/pkg/service/task.go:274.67,276.3 1 0
github.com/rmcguinness/gemini_task_engine/pkg/service/task.go:278.2,279.61 2 1
github.com/rmcguinness/gemini_task_engine/pkg/service/task.go:279.61,281.3 1 0
github.com/rmcguinness/gemini_task_engine/pkg/service/task.go:283.2,283.12 1 1
github.com/rmcguinness/gemini_task_engine/pkg/service/task.go:286.93,290.16 3 1
github.com/rmcguinness/gemini_task_engine/pkg/service/task.go:290.16,292.3 1 1
github.com/rmcguinness/gemini_task_engine/pkg/service/task.go:294.2,294.31 1 1
github.com/rmcguinness/gemini_task_engine/pkg/service/task.go:294.31,296.3 1 0
github.com/rmcguinness/gemini_task_engine/pkg/service/task.go:298.2,299.16 2 1
github.com/rmcguinness/gemini_task_engine/pkg/service/task.go:299.16,301.3 1 1
github.com/rmcguinness/gemini_task_engine/pkg/service/task.go:304.2,307.61 3 1
github.com/rmcguinness/gemini_task_engine/pkg/service/task.go:307.61,309.3 1 0
github.com/rmcguinness/gemini_task_engine/pkg/service/task.go:311.2,312.51 2 1
github.com/rmcguinness/gemini_task_engine/pkg/service/task.go:315.105,317.2 1 1
github.com/rmcguinness/gemini_task_engine/pkg/service/task.go:319.92,323.16 3 1
github.com/rmcguinness/gemini_task_engine/pkg/service/task.go:323.16,325.3 1 1
github.com/rmcguinness/gemini_task_engine/pkg/service/task.go:327.2,327.31 1 1
github.com/rmcguinness/gemini_task_engine/pkg/service/task.go:327.31,329.3 1 1
github.com/rmcguinness/gemini_task_engine/pkg/service/task.go:331.2,331.82 1 1
github.com/rmcguinness/gemini_task_engine/pkg/service/task.go:331.82,333.3 1 1
github.com/rmcguinness/gemini_task_engine/pkg/service/task.go:335.2,336.16 2 1
github.com/rmcguinness/gemini_task_engine/pkg/service/task.go:336.16,338.3 1 0
github.com/rmcguinness/gemini_task_engine/pkg/service/task.go:341.2,345.34 3 1
github.com/rmcguinness/gemini_task_engine/pkg/service/task.go:345.34,347.73 2 1
github.com/rmcguinness/gemini_task_engine/pkg/service/task.go:347.73,348.35 1 1
github.com/rmcguinness/gemini_task_engine/pkg/service/task.go:348.35,349.57 1 1
github.com/rmcguinness/gemini_task_engine/pkg/service/task.go:349.57,351.11 2 1
github.com/rmcguinness/gemini_task_engine/pkg/service/task.go:356.2,356.23 1 1
github.com/rmcguinness/gemini_task_engine/pkg/service/task.go:356.23,358.3 1 1
github.com/rmcguinness/gemini_task_engine/pkg/service/task.go:358.8,360.3 1 1
github.com/rmcguinness/gemini_task_engine/pkg/service/task.go:362.2,362.61 1 1
github.com/rmcguinness/gemini_task_engine/pkg/service/task.go:362.61,364.3 1 0
github.com/rmcguinness/gemini_task_engine/pkg/service/task.go:366.2,367.51 2 1
github.com/rmcguinness/gemini_task_engine/pkg/service/task.go:370.92,374.16 3 1
github.com/rmcguinness/gemini_task_engine/pkg/service/task.go:374.16,376.3 1 1
github.com/rmcguinness/gemini_task_engine/pkg/service/task.go:378.2,378.31 1 1
github.com/rmcguinness/gemini_task_engine/pkg/service/task.go:378.31,380.3 1 1
github.com/rmcguinness/gemini_task_engine/pkg/service/task.go:382.2,382.82 1 1
github.com/rmcguinness/gemini_task_engine/pkg/service/task.go:382.82,384.3 1 1
github.com/rmcguinness/gemini_task_engine/pkg/service/task.go:386.2,387.16 2 1
github.com/rmcguinness/gemini_task_engine/pkg/service/task.go:387.16,389.3 1 1
github.com/rmcguinness/gemini_task_engine/pkg/service/task.go:392.2,393.34 2 1
github.com/rmcguinness/gemini_task_engine/pkg/service/task.go:393.34,395.73 2 1
github.com/rmcguinness/gemini_task_engine/pkg/service/task.go:395.73,396.35 1 1
github.com/rmcguinness/gemini_task_engine/pkg/service/task.go:396.35,397.57 1 1
github.com/rmcguinness/gemini_task_engine/pkg/service/task.go:397.57,399.11 2 1
github.com/rmcguinness/gemini_task_engine/pkg/service/task.go:404.2,404.23 1 1
github.com/rmcguinness/gemini_task_engine/pkg/service/task.go:404.23,406.3 1 1
github.com/rmcguinness/gemini_task_engine/pkg/service/task.go:406.8,408.3 1 1
github.com/rmcguinness/gemini_task_engine/pkg/service/task.go:410.2,410.61 1 1
github.com/rmcguinness/gemini_task_engine/pkg/service/task.go:410.61,412.3 1 0
github.com/rmcguinness/gemini_task_engine/pkg/service/task.go:414.2,415.51 2 1
github.com/rmcguinness/gemini_task_engine/pkg/service/task.go:418.110,422.16 3 1
github.com/rmcguinness/gemini_task_engine/pkg/service/task.go:422.16,424.3 1 1
github.com/rmcguinness/gemini_task_engine/pkg/service/task.go:427.2,427.32 1 1
github.com/rmcguinness/gemini_task_engine/pkg/service/task.go:427.32,429.3 1 1
github.com/rmcguinness/gemini_task_engine/pkg/service/task.go:432.2,433.36 2 1
github.com/rmcguinness/gemini_task_engine/pkg/service/task.go:433.36,437.17 3 1
github.com/rmcguinness/gemini_task_engine/pkg/service/task.go:437.17,439.4 1 1
github.com/rmcguinness/gemini_task_engine/pkg/service/task.go:445.3,446.34 2 1
github.com/rmcguinness/gemini_task_engine/pkg/service/task.go:446.34,448.4 1 1
github.com/rmcguinness/gemini_task_engine/pkg/service/task.go:448.9,448.80 1 1
github.com/rmcguinness/gemini_task_engine/pkg/service/task.go:448.80,450.4 1 0
github.com/rmcguinness/gemini_task_engine/pkg/service/task.go:450.9,450.49 1 1
github.com/rmcguinness/gemini_task_engine/pkg/service/task.go:450.49,452.4 1 1
github.com/rmcguinness/gemini_task_engine/pkg/service/task.go:452.9,452.76 1 1
github.com/rmcguinness/gemini_task_engine/pkg/service/task.go:452.76,454.4 1 0
github.com/rmcguinness/gemini_task_engine/pkg/service/task.go:454.9,455.36 1 1
github.com/rmcguinness/gemini_task_engine/pkg/service/task.go:455.36,456.39 1 1
github.com/rmcguinness/gemini_task_engine/pkg/service/task.go:456.39,458.11 2 0
github.com/rmcguinness/gemini_task_engine/pkg/service/task.go:463.3,463.20 1 1
github.com/rmcguinness/gemini_task_engine/pkg/service/task.go:463.20,465.4 1 1
github.com/rmcguinness/gemini_task_engine/pkg/service/task.go:466.8,471.69 2 1
github.com/rmcguinness/gemini_task_engine/pkg/service/task.go:471.69,473.4 1 1
github.com/rmcguinness/gemini_task_engine/pkg/service/task.go:473.9,474.36 1 1
github.com/rmcguinness/gemini_task_engine/pkg/service/task.go:474.36,475.39 1 1
github.com/rmcguinness/gemini_task_engine/pkg/service/task.go:475.39,477.11 2 1
github.com/rmcguinness/gemini_task_engine/pkg/service/task.go:482.3,482.20 1 1
github.com/rmcguinness/gemini_task_engine/pkg/service/task.go:482.20,484.4 1 1
github.com/rmcguinness/gemini_task_engine/pkg/service/task.go:488.2,492.34 3 1
github.com/rmcguinness/gemini_task_engine/pkg/service/task.go:492.34,494.73 2 1
github.com/rmcguinness/gemini_task_engine/pkg/service/task.go:494.73,495.35 1 1
github.com/rmcguinness/gemini_task_engine/pkg/service/task.go:495.35,496.57 1 1
github.com/rmcguinness/gemini_task_engine/pkg/service/task.go:496.57,498.11 2 1
github.com/rmcguinness/gemini_task_engine/pkg/service/task.go:503.2,503.23 1 1
github.com/rmcguinness/gemini_task_engine/pkg/service/task.go:503.23,505.3 1 1
github.com/rmcguinness/gemini_task_engine/pkg/service/task.go:505.8,507.3 1 1
github.com/rmcguinness/gemini_task_engine/pkg/service/task.go:510.2,510.61 1 1
github.com/rmcguinness/gemini_task_engine/pkg/service/task.go:510.61,512.3 1 0
github.com/rmcguinness/gemini_task_engine/pkg/service/task.go:515.2,515.18 1 1
github.com/rmcguinness/gemini_task_engine/pkg/service/task.go:515.18,517.73 2 1
github.com/rmcguinness/gemini_task_engine/pkg/service/task.go:517.73,519.4 1 0
github.com/rmcguinness/gemini_task_engine/pkg/service/task.go:520.3,520.52 1 1
github.com/rmcguinness/gemini_task_engine/pkg/service/task.go:523.2,523.12 1 1
github.com/rmcguinness/gemini_task_engine/pkg/service/task.go:526.103,528.16 2 1
github.com/rmcguinness/gemini_task_engine/pkg/service/task.go:528.16,530.3 1 0
github.com/rmcguinness/gemini_task_engine/pkg/service/task.go:531.2,532.32 2 1
github.com/rmcguinness/gemini_task_engine/pkg/service/task.go:532.32,534.3 1 1
github.com/rmcguinness/gemini_task_engine/pkg/service/task.go:535.2,535.18 1 1
github.com/rmcguinness/gemini_task_engine/pkg/service/task.go:538.96,540.2 1 1
github.com/rmcguinness/gemini_task_engine/pkg/service/task.go:542.106,544.2 1 1
github.com/rmcguinness/gemini_task_engine/pkg/service/task.go:546.97,548.2 1 1
github.com/rmcguinness/gemini_task_engine/pkg/service/task.go:550.95,552.2 1 1
github.com/rmcguinness/gemini_task_engine/pkg/service/task.go:554.119,556.2 1 1
github.com/rmcguinness/gemini_task_engine/pkg/service/task.go:558.81,560.2 1 1
github.com/rmcguinness/gemini_task_engine/pkg/service/translation.go:65.93,69.16 3 0
github.com/rmcguinness/gemini_task_engine/pkg/service/translation.go:69.16,71.3 1 0
github.com/rmcguinness/gemini_task_engine/pkg/service/translation.go:73.2,74.16 2 0
github.com/rmcguinness/gemini_task_engine/pkg/service/translation.go:74.16,77.3 2 0
github.com/rmcguinness/gemini_task_engine/pkg/service/translation.go:79.2,80.16 2 0
github.com/rmcguinness/gemini_task_engine/pkg/service/translation.go:80.16,84.3 3 0
github.com/rmcguinness/gemini_task_engine/pkg/service/translation.go:86.2,91.8 1 0
github.com/rmcguinness/gemini_task_engine/pkg/service/translation.go:94.142,97.16 2 0
github.com/rmcguinness/gemini_task_engine/pkg/service/translation.go:97.16,99.3 1 0
github.com/rmcguinness/gemini_task_engine/pkg/service/translation.go:102.2,103.35 2 0
github.com/rmcguinness/gemini_task_engine/pkg/service/translation.go:103.35,105.3 1 0
github.com/rmcguinness/gemini_task_engine/pkg/service/translation.go:108.2,109.16 2 0
github.com/rmcguinness/gemini_task_engine/pkg/service/translation.go:109.16,111.3 1 0
github.com/rmcguinness/gemini_task_engine/pkg/service/translation.go:114.2,115.16 2 0
github.com/rmcguinness/gemini_task_engine/pkg/service/translation.go:115.16,117.3 1 0
github.com/rmcguinness/gemini_task_engine/pkg/service/translation.go:120.2,123.20 3 0
github.com/rmcguinness/gemini_task_engine/pkg/service/translation.go:123.20,131.3 1 0
github.com/rmcguinness/gemini_task_engine/pkg/service/translation.go:131.8,134.3 1 0
github.com/rmcguinness/gemini_task_engine/pkg/service/translation.go:136.2,137.34 2 0
github.com/rmcguinness/gemini_task_engine/pkg/service/translation.go:137.34,143.3 3 0
github.com/rmcguinness/gemini_task_engine/pkg/service/translation.go:145.2,145.16 1 0
github.com/rmcguinness/gemini_task_engine/pkg/service/translation.go:145.16,147.3 1 0
github.com/rmcguinness/gemini_task_engine/pkg/service/translation.go:149.2,149.46 1 0
github.com/rmcguinness/gemini_task_engine/pkg/service/translation.go:152.160,155.16 2 0
github.com/rmcguinness/gemini_task_engine/pkg/service/translation.go:155.16,157.3 1 0
github.com/rmcguinness/gemini_task_engine/pkg/service/translation.go:160.2,161.35 2 0
github.com/rmcguinness/gemini_task_engine/pkg/service/translation.go:161.35,163.3 1 0
github.com/rmcguinness/gemini_task_engine/pkg/service/translation.go:166.2,167.16 2 0
github.com/rmcguinness/gemini_task_engine/pkg/service/translation.go:167.16,169.3 1 0
github.com/rmcguinness/gemini_task_engine/pkg/service/translation.go:172.2,173.16 2 0
github.com/rmcguinness/gemini_task_engine/pkg/service/translation.go:173.16,175.3 1 0
github.com/rmcguinness/gemini_task_engine/pkg/service/translation.go:178.2,180.16 3 0
github.com/rmcguinness/gemini_task_engine/pkg/service/translation.go:180.16,182.3 1 0
github.com/rmcguinness/gemini_task_engine/pkg/service/translation.go:184.2,184.46 1 0
github.com/rmcguinness/gemini_task_engine/pkg/service/translation.go:187.84,190.16 3 0
github.com/rmcguinness/gemini_task_engine/pkg/service/translation.go:190.16,192.3 1 0
github.com/rmcguinness/gemini_task_engine/pkg/service/translation.go:194.2,195.32 2 0
github.com/rmcguinness/gemini_task_engine/pkg/service/translation.go:195.32,198.44 3 0
github.com/rmcguinness/gemini_task_engine/pkg/service/translation.go:198.44,200.4 1 0
github.com/rmcguinness/gemini_task_engine/pkg/service/translation.go:200.9,200.50 1 0
github.com/rmcguinness/gemini_task_engine/pkg/service/translation.go:200.50,202.4 1 0
github.com/rmcguinness/gemini_task_engine/pkg/service/translation.go:204.3,204.20 1 0
github.com/rmcguinness/gemini_task_engine/pkg/service/translation.go:204.20,206.50 2 0
github.com/rmcguinness/gemini_task_engine/pkg/service/translation.go:206.50,208.5 1 0
github.com/rmcguinness/gemini_task_engine/pkg/service/translation.go:208.10,208.59 1 0
github.com/rmcguinness/gemini_task_engine/pkg/service/translation.go:208.59,210.5 1 0
github.com/rmcguinness/gemini_task_engine/pkg/service/translation.go:213.4,214.32 2 0
github.com/rmcguinness/gemini_task_engine/pkg/service/translation.go:214.32,216.5 1 0
github.com/rmcguinness/gemini_task_engine/pkg/service/translation.go:218.4,223.6 1 0
github.com/rmcguinness/gemini_task_engine/pkg/service/translation.go:226.2,226.18 1 0
github.com/rmcguinness/gemini_task_engine/pkg/service/translation.go:230.118,239.44 6 0
github.com/rmcguinness/gemini_task_engine/pkg/service/translation.go:239.44,243.17 3 0
github.com/rmcguinness/gemini_task_engine/pkg/service/translation.go:243.17,245.4 1 0
github.com/rmcguinness/gemini_task_engine/pkg/service/translation.go:246.3,246.22 1 0
github.com/rmcguinness/gemini_task_engine/pkg/service/translation.go:246.22,248.4 1 0
github.com/rmcguinness/gemini_task_engine/pkg/service/translation.go:249.3,252.15 3 0
github.com/rmcguinness/gemini_task_engine/pkg/service/translation.go:252.15,254.4 1 0
github.com/rmcguinness/gemini_task_engine/pkg/service/translation.go:257.2,258.21 2 0
github.com/rmcguinness/gemini_task_engine/pkg/service/translation.go:258.21,260.3 1 0
github.com/rmcguinness/gemini_task_engine/pkg/service/translation.go:262.2,262.14 1 0
github.com/rmcguinness/gemini_task_engine/pkg/service/translation.go:262.14,264.3 1 0
github.com/rmcguinness/gemini_task_engine/pkg/service/translation.go:264.8,266.19 2 0
github.com/rmcguinness/gemini_task_engine/pkg/service/translation.go:266.19,268.4 1 0
github.com/rmcguinness/gemini_task_engine/pkg/service/translation.go:271.2,284.16 3 0
github.com/rmcguinness/gemini_task_engine/pkg/service/translation.go:284.16,286.3 1 0
github.com/rmcguinness/gemini_task_engine/pkg/service/translation.go:288.2,288.70 1 0
github.com/rmcguinness/gemini_task_engine/pkg/service/translation.go:288.70,290.3 1 0
github.com/rmcguinness/gemini_task_engine/pkg/service/translation.go:292.2,292.56 1 0
github.com/rmcguinness/gemini_task_engine/pkg/service/translation.go:296.118,299.16 2 0
github.com/rmcguinness/gemini_task_engine/pkg/service/translation.go:299.16,301.3 1 0
github.com/rmcguinness/gemini_task_engine/pkg/service/translation.go:303.2,304.16 2 0
github.com/rmcguinness/gemini_task_engine/pkg/service/translation.go:304.16,306.3 1 0
github.com/rmcguinness/gemini_task_engine/pkg/service/translation.go:308.2,312.16 2 0
github.com/rmcguinness/gemini_task_engine/pkg/service/translation.go:312.16,314.3 1 0
github.com/rmcguinness/gemini_task_engine/pkg/service/translation.go:316.2,316.20 1 0
github.com/rmcguinness/gemini_task_engine/pkg/service/translation.go:316.20,318.3 1 0
github.com/rmcguinness/gemini_task_engine/pkg/service/translation.go:320.2,320.26 1 0
github.com/rmcguinness/gemini_task_engine/pkg/service/translation.go:324.126,336.16 3 0
github.com/rmcguinness/gemini_task_engine/pkg/service/translation.go:336.16,338.3 1 0
github.com/rmcguinness/gemini_task_engine/pkg/service/translation.go:340.2,340.31 1 0
github.com/rmcguinness/gemini_task_engine/pkg/service/translation.go:344.98,346.39 2 0
github.com/rmcguinness/gemini_task_engine/pkg/service/translation.go:346.39,348.3 1 0
github.com/rmcguinness/gemini_task_engine/pkg/service/translation.go:348.8,348.49 1 0
github.com/rmcguinness/gemini_task_engine/pkg/service/translation.go:348.49,350.3 1 0
github.com/rmcguinness/gemini_task_engine/pkg/service/translation.go:353.2,357.40 4 0
github.com/rmcguinness/gemini_task_engine/pkg/service/translation.go:357.40,358.38 1 0
github.com/rmcguinness/gemini_task_engine/pkg/service/translation.go:358.38,360.4 1 0
github.com/rmcguinness/gemini_task_engine/pkg/service/translation.go:360.9,362.4 1 0
github.com/rmcguinness/gemini_task_engine/pkg/service/translation.go:363.3,363.25 1 0
github.com/rmcguinness/gemini_task_engine/pkg/service/translation.go:364.8,364.47 1 0
github.com/rmcguinness/gemini_task_engine/pkg/service/translation.go:364.47,365.38 1 0
github.com/rmcguinness/gemini_task_engine/pkg/service/translation.go:365.38,367.4 1 0
github.com/rmcguinness/gemini_task_engine/pkg/service/translation.go:367.9,369.4 1 0
github.com/rmcguinness/gemini_task_engine/pkg/service/translation.go:370.3,370.25 1 0
github.com/rmcguinness/gemini_task_engine/pkg/service/translation.go:371.8,371.47 1 0
github.com/rmcguinness/gemini_task_engine/pkg/service/translation.go:371.47,372.38 1 0
github.com/rmcguinness/gemini_task_engine/pkg/service/translation.go:372.38,374.4 1 0
github.com/rmcguinness/gemini_task_engine/pkg/service/translation.go:374.9,376.4 1 0
github.com/rmcguinness/gemini_task_engine/pkg/service/translation.go:377.3,377.25 1 0
github.com/rmcguinness/gemini_task_engine/pkg/service/translation.go:380.2,383.21 2 0
github.com/rmcguinness/gemini_task_engine/pkg/service/translation.go:383.21,386.3 2 0
github.com/rmcguinness/gemini_task_engine/pkg/service/translation.go:386.8,388.3 1 0
github.com/rmcguinness/gemini_task_engine/pkg/service/translation.go:389.2,389.15 1 0
github.com/rmcguinness/gemini_task_engine/pkg/service/translation.go:393.114,394.36 1 0
github.com/rmcguinness/gemini_task_engine/pkg/service/translation.go:394.36,396.22 2 0
github.com/rmcguinness/gemini_task_engine/pkg/service/translation.go:396.22,403.35 4 0
github.com/rmcguinness/gemini_task_engine/pkg/service/translation.go:403.35,410.5 2 0
github.com/rmcguinness/gemini_task_engine/pkg/service/translation.go:415.2,415.65 1 0
github.com/rmcguinness/gemini_task_engine/pkg/service/translation.go:418.133,423.21 3 0
github.com/rmcguinness/gemini_task_engine/pkg/service/translation.go:423.21,425.3 1 0
github.com/rmcguinness/gemini_task_engine/pkg/service/translation.go:426.2,426.21 1 0
github.com/rmcguinness/gemini_task_engine/pkg/service/translation.go:426.21,428.3 1 0
github.com/rmcguinness/gemini_task_engine/pkg/service/translation.go:431.2,432.16 2 0
github.com/rmcguinness/gemini_task_engine/pkg/service/translation.go:432.16,434.3 1 0
github.com/rmcguinness/gemini_task_engine/pkg/service/translation.go:438.2,440.40 3 0
github.com/rmcguinness/gemini_task_engine/pkg/service/translation.go:440.40,442.3 1 0
github.com/rmcguinness/gemini_task_engine/pkg/service/translation.go:442.8,442.47 1 0
github.com/rmcguinness/gemini_task_engine/pkg/service/translation.go:442.47,444.3 1 0
github.com/rmcguinness/gemini_task_engine/pkg/service/translation.go:444.8,444.47 1 0
github.com/rmcguinness/gemini_task_engine/pkg/service/translation.go:444.47,446.3 1 0
github.com/rmcguinness/gemini_task_engine/pkg/service/translation.go:446.8,446.47 1 0
github.com/rmcguinness/gemini_task_engine/pkg/service/translation.go:446.47,448.3 1 0
github.com/rmcguinness/gemini_task_engine/pkg/service/translation.go:448.8,448.47 1 0
github.com/rmcguinness/gemini_task_engine/pkg/service/translation.go:448.47,450.3 1 0
github.com/rmcguinness/gemini_task_engine/pkg/service/translation.go:450.8,450.47 1 0
github.com/rmcguinness/gemini_task_engine/pkg/service/translation.go:450.47,452.3 1 0
github.com/rmcguinness/gemini_task_engine/pkg/service/translation.go:455.2,476.16 4 0
github.com/rmcguinness/gemini_task_engine/pkg/service/translation.go:476.16,478.3 1 0
github.com/rmcguinness/gemini_task_engine/pkg/service/translation.go:480.2,482.16 3 0
github.com/rmcguinness/gemini_task_engine/pkg/service/translation.go:482.16,484.3 1 0
github.com/rmcguinness/gemini_task_engine/pkg/service/translation.go:485.2,489.16 4 0
github.com/rmcguinness/gemini_task_engine/pkg/service/translation.go:489.16,491.3 1 0
github.com/rmcguinness/gemini_task_engine/pkg/service/translation.go:492.2,495.16 3 0
github.com/rmcguinness/gemini_task_engine/pkg/service/translation.go:495.16,497.3 1 0
github.com/rmcguinness/gemini_task_engine/pkg/service/translation.go:499.2,499.38 1 0
github.com/rmcguinness/gemini_task_engine/pkg/service/translation.go:499.38,501.3 1 0
github.com/rmcguinness/gemini_task_engine/pkg/service/translation.go:503.2,506.61 2 0
github.com/rmcguinness/gemini_task_engine/pkg/service/translation.go:506.61,508.3 1 0
github.com/rmcguinness/gemini_task_engine/pkg/service/translation.go:510.2,511.38 2 0
github.com/rmcguinness/gemini_task_engine/pkg/service/translation.go:514.127,520.40 4 0
github.com/rmcguinness/gemini_task_engine/pkg/service/translation.go:520.40,522.3 1 0
github.com/rmcguinness/gemini_task_engine/pkg/service/translation.go:522.8,522.47 1 0
github.com/rmcguinness/gemini_task_engine/pkg/service/translation.go:522.47,524.3 1 0
github.com/rmcguinness/gemini_task_engine/pkg/service/translation.go:524.8,524.47 1 0
github.com/rmcguinness/gemini_task_engine/pkg/service/translation.go:524.47,526.3 1 0
github.com/rmcguinness/gemini_task_engine/pkg/service/translation.go:526.8,526.47 1 0
github.com/rmcguinness/gemini_task_engine/pkg/service/translation.go:526.47,528.3 1 0
github.com/rmcguinness/gemini_task_engine/pkg/service/translation.go:528.8,528.47 1 0
github.com/rmcguinness/gemini_task_engine/pkg/service/translation.go:528.47,530.3 1 0
github.com/rmcguinness/gemini_task_engine/pkg/service/translation.go:532.2,538.45 2 0
github.com/rmcguinness/gemini_task_engine/pkg/agents/agents.go:55.46,58.2 2 1
github.com/rmcguinness/gemini_task_engine/pkg/agents/agents.go:61.32,63.33 2 1
github.com/rmcguinness/gemini_task_engine/pkg/agents/agents.go:63.33,65.3 1 1
github.com/rmcguinness/gemini_task_engine/pkg/agents/agents.go:66.2,66.13 1 1
github.com/rmcguinness/gemini_task_engine/pkg/agents/session.go:49.61,50.61 1 0
github.com/rmcguinness/gemini_task_engine/pkg/agents/session.go:50.61,52.3 1 0
github.com/rmcguinness/gemini_task_engine/pkg/agents/session.go:53.2,53.37 1 0
github.com/rmcguinness/gemini_task_engine/pkg/agents/session.go:56.129,57.54 1 0
github.com/rmcguinness/gemini_task_engine/pkg/agents/session.go:57.54,59.3 1 0
github.com/rmcguinness/gemini_task_engine/pkg/agents/session.go:61.2,63.40 3 0
github.com/rmcguinness/gemini_task_engine/pkg/agents/session.go:63.40,65.3 1 0
github.com/rmcguinness/gemini_task_engine/pkg/agents/session.go:68.2,76.68 2 0
github.com/rmcguinness/gemini_task_engine/pkg/agents/session.go:76.68,78.3 1 0
github.com/rmcguinness/gemini_task_engine/pkg/agents/session.go:80.2,80.21 1 0
github.com/rmcguinness/gemini_task_engine/pkg/agents/session.go:83.93,85.2 1 0
github.com/rmcguinness/gemini_task_engine/pkg/agents/session.go:87.84,89.2 1 0
github.com/rmcguinness/gemini_task_engine/pkg/agents/session.go:96.49,98.2 1 1
github.com/rmcguinness/gemini_task_engine/pkg/agents/session.go:100.137,101.54 1 1
github.com/rmcguinness/gemini_task_engine/pkg/agents/session.go:101.54,103.3 1 0
github.com/rmcguinness/gemini_task_engine/pkg/agents/session.go:105.2,106.8 2 1
github.com/rmcguinness/gemini_task_engine/pkg/agents/session.go:106.8,108.3 1 1
github.com/rmcguinness/gemini_task_engine/pkg/agents/session.go:110.2,118.21 3 1
github.com/rmcguinness/gemini_task_engine/pkg/agents/session.go:121.101,124.2 2 1
github.com/rmcguinness/gemini_task_engine/pkg/agents/session.go:126.92,129.2 2 0
github.com/rmcguinness/gemini_task_engine/pkg/api/a2ui.go:32.42,32.83 1 1
github.com/rmcguinness/gemini_task_engine/pkg/api/a2ui.go:33.42,33.84 1 0
github.com/rmcguinness/gemini_task_engine/pkg/api/a2ui.go:34.43,34.84 1 0
github.com/rmcguinness/gemini_task_engine/pkg/api/a2ui.go:35.42,35.74 1 0
github.com/rmcguinness/gemini_task_engine/pkg/api/a2ui.go:37.40,37.53 1 0
github.com/rmcguinness/gemini_task_engine/pkg/api/a2ui.go:165.41,189.2 1 1
github.com/rmcguinness/gemini_task_engine/pkg/api/a2ui.go:192.139,194.26 2 1
github.com/rmcguinness/gemini_task_engine/pkg/api/a2ui.go:194.26,199.3 1 0
github.com/rmcguinness/gemini_task_engine/pkg/api/a2ui.go:201.2,212.3 1 1
github.com/rmcguinness/gemini_task_engine/pkg/api/a2ui.go:216.61,217.25 1 1
github.com/rmcguinness/gemini_task_engine/pkg/api/a2ui.go:217.25,218.30 1 1
github.com/rmcguinness/gemini_task_engine/pkg/api/a2ui.go:218.30,220.4 1 1
github.com/rmcguinness/gemini_task_engine/pkg/api/a2ui.go:222.2,222.11 1 1
github.com/rmcguinness/gemini_task_engine/pkg/api/a2ui.go:225.55,226.25 1 1
github.com/rmcguinness/gemini_task_engine/pkg/api/a2ui.go:226.25,227.26 1 0
github.com/rmcguinness/gemini_task_engine/pkg/api/a2ui.go:228.12,229.14 1 0
github.com/rmcguinness/gemini_task_engine/pkg/api/a2ui.go:230.16,231.19 1 0
github.com/rmcguinness/gemini_task_engine/pkg/api/a2ui.go:234.2,234.10 1 1
github.com/rmcguinness/gemini_task_engine/pkg/api/a2ui.go:237.57,238.25 1 0
github.com/rmcguinness/gemini_task_engine/pkg/api/a2ui.go:238.25,239.28 1 0
github.com/rmcguinness/gemini_task_engine/pkg/api/a2ui.go:239.28,241.4 1 0
github.com/rmcguinness/gemini_task_engine/pkg/api/a2ui.go:243.2,243.14 1 0
github.com/rmcguinness/gemini_task_engine/pkg/api/a2ui.go:246.67,247.25 1 1
github.com/rmcguinness/gemini_task_engine/pkg/api/a2ui.go:247.25,248.37 1 1
github.com/rmcguinness/gemini_task_engine/pkg/api/a2ui.go:248.37,250.4 1 1
github.com/rmcguinness/gemini_task_engine/pkg/api/a2ui.go:252.2,252.12 1 0
github.com/rmcguinness/gemini_task_engine/pkg/api/a2ui.go:255.74,256.25 1 1
github.com/rmcguinness/gemini_task_engine/pkg/api/a2ui.go:256.25,257.46 1 1
github.com/rmcguinness/gemini_task_engine/pkg/api/a2ui.go:257.46,259.4 1 1
github.com/rmcguinness/gemini_task_engine/pkg/api/a2ui.go:261.2,261.12 1 0
github.com/rmcguinness/gemini_task_engine/pkg/api/a2ui.go:265.107,270.39 4 1
github.com/rmcguinness/gemini_task_engine/pkg/api/a2ui.go:270.39,273.3 2 1
github.com/rmcguinness/gemini_task_engine/pkg/api/a2ui.go:275.2,278.62 3 1
github.com/rmcguinness/gemini_task_engine/pkg/api/a2ui.go:278.62,282.34 3 1
github.com/rmcguinness/gemini_task_engine/pkg/api/a2ui.go:282.34,283.47 1 1
github.com/rmcguinness/gemini_task_engine/pkg/api/a2ui.go:283.47,284.99 1 1
github.com/rmcguinness/gemini_task_engine/pkg/api/a2ui.go:284.99,286.6 1 0
github.com/rmcguinness/gemini_task_engine/pkg/api/a2ui.go:290.3,290.32 1 1
github.com/rmcguinness/gemini_task_engine/pkg/api/a2ui.go:290.32,293.40 3 0
github.com/rmcguinness/gemini_task_engine/pkg/api/a2ui.go:293.40,297.21 4 0
github.com/rmcguinness/gemini_task_engine/pkg/api/a2ui.go:297.21,299.6 1 0
github.com/rmcguinness/gemini_task_engine/pkg/api/a2ui.go:300.5,303.7 1 0
github.com/rmcguinness/gemini_task_engine/pkg/api/a2ui.go:306.4,350.38 9 0
github.com/rmcguinness/gemini_task_engine/pkg/api/a2ui.go:350.38,353.5 1 0
github.com/rmcguinness/gemini_task_engine/pkg/api/a2ui.go:355.4,355.39 1 0
github.com/rmcguinness/gemini_task_engine/pkg/api/a2ui.go:355.39,356.52 1 0
github.com/rmcguinness/gemini_task_engine/pkg/api/a2ui.go:356.52,357.43 1 0
github.com/rmcguinness/gemini_task_engine/pkg/api/a2ui.go:357.43,358.15 1 0
github.com/rmcguinness/gemini_task_engine/pkg/api/a2ui.go:360.6,361.23 2 0
github.com/rmcguinness/gemini_task_engine/pkg/api/a2ui.go:361.23,363.7 1 0
github.com/rmcguinness/gemini_task_engine/pkg/api/a2ui.go:367.4,367.56 1 0
github.com/rmcguinness/gemini_task_engine/pkg/api/a2ui.go:368.9,369.39 1 1
github.com/rmcguinness/gemini_task_engine/pkg/api/a2ui.go:369.39,370.52 1 1
github.com/rmcguinness/gemini_task_engine/pkg/api/a2ui.go:370.52,372.23 2 1
github.com/rmcguinness/gemini_task_engine/pkg/api/a2ui.go:372.23,374.7 1 1
github.com/rmcguinness/gemini_task_engine/pkg/api/a2ui.go:379.3,379.22 1 1
github.com/rmcguinness/gemini_task_engine/pkg/api/a2ui.go:382.2,382.57 1 1
github.com/rmcguinness/gemini_task_engine/pkg/api/a2ui.go:382.57,385.19 2 1
github.com/rmcguinness/gemini_task_engine/pkg/api/a2ui.go:386.15,392.19 5 1
github.com/rmcguinness/gemini_task_engine/pkg/api/a2ui.go:392.19,405.5 4 1
github.com/rmcguinness/gemini_task_engine/pkg/api/a2ui.go:407.4,408.19 2 1
github.com/rmcguinness/gemini_task_engine/pkg/api/a2ui.go:408.19,410.5 1 1
github.com/rmcguinness/gemini_task_engine/pkg/api/a2ui.go:412.4,414.29 2 1
github.com/rmcguinness/gemini_task_engine/pkg/api/a2ui.go:414.29,416.5 1 0
github.com/rmcguinness/gemini_task_engine/pkg/api/a2ui.go:416.10,416.35 1 1
github.com/rmcguinness/gemini_task_engine/pkg/api/a2ui.go:416.35,431.5 3 1
github.com/rmcguinness/gemini_task_engine/pkg/api/a2ui.go:433.4,439.17 2 1
github.com/rmcguinness/gemini_task_engine/pkg/api/a2ui.go:441.17,444.19 3 0
github.com/rmcguinness/gemini_task_engine/pkg/api/a2ui.go:444.19,446.5 1 0
github.com/rmcguinness/gemini_task_engine/pkg/api/a2ui.go:447.4,447.19 1 0
github.com/rmcguinness/gemini_task_engine/pkg/api/a2ui.go:447.19,449.5 1 0
github.com/rmcguinness/gemini_task_engine/pkg/api/a2ui.go:450.4,451.18 2 0
github.com/rmcguinness/gemini_task_engine/pkg/api/a2ui.go:451.18,453.5 1 0
github.com/rmcguinness/gemini_task_engine/pkg/api/a2ui.go:454.4,454.18 1 0
github.com/rmcguinness/gemini_task_engine/pkg/api/a2ui.go:454.18,456.5 1 0
github.com/rmcguinness/gemini_task_engine/pkg/api/a2ui.go:457.4,473.17 4 0
github.com/rmcguinness/gemini_task_engine/pkg/api/a2ui.go:475.14,478.19 3 1
github.com/rmcguinness/gemini_task_engine/pkg/api/a2ui.go:478.19,480.5 1 1
github.com/rmcguinness/gemini_task_engine/pkg/api/a2ui.go:481.4,481.19 1 1
github.com/rmcguinness/gemini_task_engine/pkg/api/a2ui.go:481.19,483.5 1 0
github.com/rmcguinness/gemini_task_engine/pkg/api/a2ui.go:484.4,485.18 2 1
github.com/rmcguinness/gemini_task_engine/pkg/api/a2ui.go:485.18,487.5 1 1
github.com/rmcguinness/gemini_task_engine/pkg/api/a2ui.go:488.4,488.18 1 1
github.com/rmcguinness/gemini_task_engine/pkg/api/a2ui.go:488.18,490.5 1 1
github.com/rmcguinness/gemini_task_engine/pkg/api/a2ui.go:491.4,507.17 4 1
github.com/rmcguinness/gemini_task_engine/pkg/api/a2ui.go:509.17,515.33 5 1
github.com/rmcguinness/gemini_task_engine/pkg/api/a2ui.go:515.33,517.28 2 1
github.com/rmcguinness/gemini_task_engine/pkg/api/a2ui.go:518.15,519.34 1 0
github.com/rmcguinness/gemini_task_engine/pkg/api/a2ui.go:520.18,521.33 1 0
github.com/rmcguinness/gemini_task_engine/pkg/api/a2ui.go:522.14,524.34 2 0
github.com/rmcguinness/gemini_task_engine/pkg/api/a2ui.go:525.13,527.34 2 1
github.com/rmcguinness/gemini_task_engine/pkg/api/a2ui.go:529.5,532.7 1 1
github.com/rmcguinness/gemini_task_engine/pkg/api/a2ui.go:535.4,563.17 6 1
github.com/rmcguinness/gemini_task_engine/pkg/api/a2ui.go:565.15,568.21 3 1
github.com/rmcguinness/gemini_task_engine/pkg/api/a2ui.go:568.21,570.5 1 1
github.com/rmcguinness/gemini_task_engine/pkg/api/a2ui.go:571.4,576.38 4 1
github.com/rmcguinness/gemini_task_engine/pkg/api/a2ui.go:576.38,578.19 2 1
github.com/rmcguinness/gemini_task_engine/pkg/api/a2ui.go:578.19,580.6 1 1
github.com/rmcguinness/gemini_task_engine/pkg/api/a2ui.go:581.5,582.48 2 1
github.com/rmcguinness/gemini_task_engine/pkg/api/a2ui.go:584.4,590.17 2 1
github.com/rmcguinness/gemini_task_engine/pkg/api/a2ui.go:592.16,597.31 4 1
github.com/rmcguinness/gemini_task_engine/pkg/api/a2ui.go:597.31,598.50 1 1
github.com/rmcguinness/gemini_task_engine/pkg/api/a2ui.go:598.50,636.6 9 1
github.com/rmcguinness/gemini_task_engine/pkg/api/a2ui.go:639.4,650.17 2 1
github.com/rmcguinness/gemini_task_engine/pkg/api/a2ui.go:652.18,660.17 3 0
github.com/rmcguinness/gemini_task_engine/pkg/api/a2ui.go:662.19,670.31 6 0
github.com/rmcguinness/gemini_task_engine/pkg/api/a2ui.go:670.31,672.5 1 0
github.com/rmcguinness/gemini_task_engine/pkg/api/a2ui.go:672.10,672.40 1 0
github.com/rmcguinness/gemini_task_engine/pkg/api/a2ui.go:672.40,673.34 1 0
github.com/rmcguinness/gemini_task_engine/pkg/api/a2ui.go:673.34,675.6 1 0
github.com/rmcguinness/gemini_task_engine/pkg/api/a2ui.go:675.11,677.6 1 0
github.com/rmcguinness/gemini_task_engine/pkg/api/a2ui.go:678.10,681.5 2 0
github.com/rmcguinness/gemini_task_engine/pkg/api/a2ui.go:683.4,692.17 2 0
github.com/rmcguinness/gemini_task_engine/pkg/api/a2ui.go:694.17,697.20 3 1
github.com/rmcguinness/gemini_task_engine/pkg/api/a2ui.go:697.20,699.5 1 0
github.com/rmcguinness/gemini_task_engine/pkg/api/a2ui.go:700.4,703.23 3 1
github.com/rmcguinness/gemini_task_engine/pkg/api/a2ui.go:703.23,705.5 1 1
github.com/rmcguinness/gemini_task_engine/pkg/api/a2ui.go:707.4,708.21 2 1
github.com/rmcguinness/gemini_task_engine/pkg/api/a2ui.go:708.21,711.29 3 1
github.com/rmcguinness/gemini_task_engine/pkg/api/a2ui.go:711.29,713.6 1 1
github.com/rmcguinness/gemini_task_engine/pkg/api/a2ui.go:716.4,724.17 2 1
github.com/rmcguinness/gemini_task_engine/pkg/api/a2ui.go:726.37,729.21 3 0
github.com/rmcguinness/gemini_task_engine/pkg/api/a2ui.go:729.21,731.5 1 0
github.com/rmcguinness/gemini_task_engine/pkg/api/a2ui.go:732.4,733.22 2 0
github.com/rmcguinness/gemini_task_engine/pkg/api/a2ui.go:733.22,735.5 1 0
github.com/rmcguinness/gemini_task_engine/pkg/api/a2ui.go:737.4,746.17 2 0
github.com/rmcguinness/gemini_task_engine/pkg/api/a2ui.go:748.17,752.32 4 0
github.com/rmcguinness/gemini_task_engine/pkg/api/a2ui.go:752.32,753.50 1 0
github.com/rmcguinness/gemini_task_engine/pkg/api/a2ui.go:753.50,758.6 1 0
github.com/rmcguinness/gemini_task_engine/pkg/api/a2ui.go:761.4,771.17 2 0
github.com/rmcguinness/gemini_task_engine/pkg/api/a2ui.go:773.16,785.17 3 0
github.com/rmcguinness/gemini_task_engine/pkg/api/a2ui.go:788.3,788.12 1 0
github.com/rmcguinness/gemini_task_engine/pkg/api/a2ui.go:791.2,792.18 2 1
github.com/rmcguinness/gemini_task_engine/pkg/api/a2ui.go:792.18,794.3 1 0
github.com/rmcguinness/gemini_task_engine/pkg/api/a2ui.go:796.2,796.71 1 1
github.com/rmcguinness/gemini_task_engine/pkg/api/a2ui.go:799.45,801.14 2 1
github.com/rmcguinness/gemini_task_engine/pkg/api/a2ui.go:802.43,803.14 1 0
github.com/rmcguinness/gemini_task_engine/pkg/api/a2ui.go:804.17,805.16 1 0
github.com/rmcguinness/gemini_task_engine/pkg/api/a2ui.go:806.19,807.19 1 1
github.com/rmcguinness/gemini_task_engine/pkg/api/a2ui.go:808.10,809.16 1 0
github.com/rmcguinness/gemini_task_engine/pkg/api/a2ui.go:813.38,815.13 2 1
github.com/rmcguinness/gemini_task_engine/pkg/api/a2ui.go:816.15,817.17 1 1
github.com/rmcguinness/gemini_task_engine/pkg/api/a2ui.go:818.26,819.18 1 0
github.com/rmcguinness/gemini_task_engine/pkg/api/a2ui.go:820.13,821.15 1 1
github.com/rmcguinness/gemini_task_engine/pkg/api/a2ui.go:822.17,823.19 1 0
github.com/rmcguinness/gemini_task_engine/pkg/api/a2ui.go:824.39,825.24 1 0
github.com/rmcguinness/gemini_task_engine/pkg/api/a2ui.go:826.37,827.23 1 0
github.com/rmcguinness/gemini_task_engine/pkg/api/a2ui.go:828.37,829.23 1 0
github.com/rmcguinness/gemini_task_engine/pkg/api/a2ui.go:830.10,831.17 1 0
github.com/rmcguinness/gemini_task_engine/pkg/api/admin.go:40.17,48.2 1 1
github.com/rmcguinness/gemini_task_engine/pkg/api/admin.go:50.56,53.39 3 1
github.com/rmcguinness/gemini_task_engine/pkg/api/admin.go:53.39,55.3 1 1
github.com/rmcguinness/gemini_task_engine/pkg/api/admin.go:56.2,57.30 2 1
github.com/rmcguinness/gemini_task_engine/pkg/api/admin.go:57.30,59.3 1 0
github.com/rmcguinness/gemini_task_engine/pkg/api/admin.go:60.2,61.30 2 1
github.com/rmcguinness/gemini_task_engine/pkg/api/admin.go:61.30,63.3 1 0
github.com/rmcguinness/gemini_task_engine/pkg/api/admin.go:64.2,64.28 1 1
github.com/rmcguinness/gemini_task_engine/pkg/api/admin.go:69.50,70.50 1 1
github.com/rmcguinness/gemini_task_engine/pkg/api/admin.go:70.50,72.17 2 1
github.com/rmcguinness/gemini_task_engine/pkg/api/admin.go:72.17,75.4 2 0
github.com/rmcguinness/gemini_task_engine/pkg/api/admin.go:76.3,77.27 2 1
github.com/rmcguinness/gemini_task_engine/pkg/api/admin.go:77.27,79.4 1 1
github.com/rmcguinness/gemini_task_engine/pkg/api/admin.go:80.3,81.9 2 1
github.com/rmcguinness/gemini_task_engine/pkg/api/admin.go:83.2,84.16 2 1
github.com/rmcguinness/gemini_task_engine/pkg/api/admin.go:84.16,87.3 2 0
github.com/rmcguinness/gemini_task_engine/pkg/api/admin.go:88.2,89.26 2 1
github.com/rmcguinness/gemini_task_engine/pkg/api/admin.go:89.26,91.3 1 1
github.com/rmcguinness/gemini_task_engine/pkg/api/admin.go:92.2,92.29 1 1
github.com/rmcguinness/gemini_task_engine/pkg/api/admin.go:95.48,98.16 3 1
github.com/rmcguinness/gemini_task_engine/pkg/api/admin.go:98.16,101.3 2 0
github.com/rmcguinness/gemini_task_engine/pkg/api/admin.go:102.2,102.29 1 1
github.com/rmcguinness/gemini_task_engine/pkg/api/admin.go:105.51,107.48 2 0
github.com/rmcguinness/gemini_task_engine/pkg/api/admin.go:107.48,110.3 2 0
github.com/rmcguinness/gemini_task_engine/pkg/api/admin.go:111.2,111.80 1 0
github.com/rmcguinness/gemini_task_engine/pkg/api/admin.go:111.80,114.3 2 0
github.com/rmcguinness/gemini_task_engine/pkg/api/admin.go:115.2,115.34 1 0
github.com/rmcguinness/gemini_task_engine/pkg/api/admin.go:118.51,120.48 2 0
github.com/rmcguinness/gemini_task_engine/pkg/api/admin.go:120.48,123.3 2 0
github.com/rmcguinness/gemini_task_engine/pkg/api/admin.go:124.2,124.78 1 0
github.com/rmcguinness/gemini_task_engine/pkg/api/admin.go:124.78,127.3 2 0
github.com/rmcguinness/gemini_task_engine/pkg/api/admin.go:128.2,128.29 1 0
github.com/rmcguinness/gemini_task_engine/pkg/api/admin.go:131.51,133.75 2 1
github.com/rmcguinness/gemini_task_engine/pkg/api/admin.go:133.75,136.3 2 0
github.com/rmcguinness/gemini_task_engine/pkg/api/admin.go:137.2,137.51 1 1
github.com/rmcguinness/gemini_task_engine/pkg/api/admin.go:142.51,144.48 2 1
github.com/rmcguinness/gemini_task_engine/pkg/api/admin.go:144.48,147.3 2 0
github.com/rmcguinness/gemini_task_engine/pkg/api/admin.go:148.2,148.78 1 1
github.com/rmcguinness/gemini_task_engine/pkg/api/admin.go:148.78,151.3 2 0
github.com/rmcguinness/gemini_task_engine/pkg/api/admin.go:152.2,152.34 1 1
github.com/rmcguinness/gemini_task_engine/pkg/api/admin.go:155.48,158.16 3 0
github.com/rmcguinness/gemini_task_engine/pkg/api/admin.go:158.16,161.3 2 0
github.com/rmcguinness/gemini_task_engine/pkg/api/admin.go:162.2,162.29 1 0
github.com/rmcguinness/gemini_task_engine/pkg/api/admin.go:165.51,167.48 2 0
github.com/rmcguinness/gemini_task_engine/pkg/api/admin.go:167.48,170.3 2 0
github.com/rmcguinness/gemini_task_engine/pkg/api/admin.go:171.2,171.78 1 0
github.com/rmcguinness/gemini_task_engine/pkg/api/admin.go:171.78,174.3 2 0
github.com/rmcguinness/gemini_task_engine/pkg/api/admin.go:175.2,175.29 1 0
github.com/rmcguinness/gemini_task_engine/pkg/api/admin.go:178.51,180.75 2 0
github.com/rmcguinness/gemini_task_engine/pkg/api/admin.go:180.75,183.3 2 0
github.com/rmcguinness/gemini_task_engine/pkg/api/admin.go:184.2,184.51 1 0
github.com/rmcguinness/gemini_task_engine/pkg/api/admin.go:187.50,188.50 1 0
github.com/rmcguinness/gemini_task_engine/pkg/api/admin.go:188.50,190.17 2 0
github.com/rmcguinness/gemini_task_engine/pkg/api/admin.go:190.17,193.4 2 0
github.com/rmcguinness/gemini_task_engine/pkg/api/admin.go:194.3,195.9 2 0
github.com/rmcguinness/gemini_task_engine/pkg/api/admin.go:197.2,198.16 2 0
github.com/rmcguinness/gemini_task_engine/pkg/api/admin.go:198.16,201.3 2 0
github.com/rmcguinness/gemini_task_engine/pkg/api/admin.go:202.2,202.30 1 0
github.com/rmcguinness/gemini_task_engine/pkg/api/admin.go:205.51,210.47 3 1
github.com/rmcguinness/gemini_task_engine/pkg/api/admin.go:210.47,213.3 2 0
github.com/rmcguinness/gemini_task_engine/pkg/api/admin.go:214.2,214.91 1 1
github.com/rmcguinness/gemini_task_engine/pkg/api/admin.go:214.91,217.3 2 0
github.com/rmcguinness/gemini_task_engine/pkg/api/admin.go:218.2,218.51 1 1
github.com/rmcguinness/gemini_task_engine/pkg/api/admin.go:223.59,225.47 2 0
github.com/rmcguinness/gemini_task_engine/pkg/api/admin.go:225.47,228.3 2 0
github.com/rmcguinness/gemini_task_engine/pkg/api/admin.go:229.2,229.87 1 0
github.com/rmcguinness/gemini_task_engine/pkg/api/admin.go:229.87,232.3 2 0
github.com/rmcguinness/gemini_task_engine/pkg/api/admin.go:233.2,233.33 1 0
github.com/rmcguinness/gemini_task_engine/pkg/api/admin.go:236.56,239.16 3 0
github.com/rmcguinness/gemini_task_engine/pkg/api/admin.go:239.16,242.3 2 0
github.com/rmcguinness/gemini_task_engine/pkg/api/admin.go:243.2,243.28 1 0
github.com/rmcguinness/gemini_task_engine/pkg/api/admin.go:246.59,248.47 2 0
github.com/rmcguinness/gemini_task_engine/pkg/api/admin.go:248.47,251.3 2 0
github.com/rmcguinness/gemini_task_engine/pkg/api/admin.go:252.2,252.85 1 0
github.com/rmcguinness/gemini_task_engine/pkg/api/admin.go:252.85,255.3 2 0
github.com/rmcguinness/gemini_task_engine/pkg/api/admin.go:256.2,256.28 1 0
github.com/rmcguinness/gemini_task_engine/pkg/api/admin.go:259.59,261.83 2 0
github.com/rmcguinness/gemini_task_engine/pkg/api/admin.go:261.83,264.3 2 0
github.com/rmcguinness/gemini_task_engine/pkg/api/admin.go:265.2,265.51 1 0
github.com/rmcguinness/gemini_task_engine/pkg/api/admin.go:268.58,269.50 1 0
github.com/rmcguinness/gemini_task_engine/pkg/api/admin.go:269.50,271.17 2 0
github.com/rmcguinness/gemini_task_engine/pkg/api/admin.go:271.17,274.4 2 0
github.com/rmcguinness/gemini_task_engine/pkg/api/admin.go:275.3,276.9 2 0
github.com/rmcguinness/gemini_task_engine/pkg/api/admin.go:278.2,279.16 2 0
github.com/rmcguinness/gemini_task_engine/pkg/api/admin.go:279.16,282.3 2 0
github.com/rmcguinness/gemini_task_engine/pkg/api/admin.go:283.2,283.29 1 0
github.com/rmcguinness/gemini_task_engine/pkg/api/admin.go:286.65,289.33 3 0
github.com/rmcguinness/gemini_task_engine/pkg/api/admin.go:289.33,292.3 2 0
github.com/rmcguinness/gemini_task_engine/pkg/api/admin.go:293.2,293.100 1 0
github.com/rmcguinness/gemini_task_engine/pkg/api/admin.go:293.100,296.3 2 0
github.com/rmcguinness/gemini_task_engine/pkg/api/admin.go:297.2,297.51 1 0
github.com/rmcguinness/gemini_task_engine/pkg/api/admin.go:302.51,304.17 2 0
github.com/rmcguinness/gemini_task_engine/pkg/api/admin.go:304.17,307.3 2 0
github.com/rmcguinness/gemini_task_engine/pkg/api/admin.go:308.2,309.48 2 0
github.com/rmcguinness/gemini_task_engine/pkg/api/admin.go:309.48,312.3 2 0
github.com/rmcguinness/gemini_task_engine/pkg/api/admin.go:313.2,314.80 2 0
github.com/rmcguinness/gemini_task_engine/pkg/api/admin.go:314.80,317.3 2 0
github.com/rmcguinness/gemini_task_engine/pkg/api/admin.go:318.2,318.34 1 0
github.com/rmcguinness/gemini_task_engine/pkg/api/admin.go:321.48,324.16 3 0
github.com/rmcguinness/gemini_task_engine/pkg/api/admin.go:324.16,327.3 2 0
github.com/rmcguinness/gemini_task_engine/pkg/api/admin.go:328.2,328.29 1 0
github.com/rmcguinness/gemini_task_engine/pkg/api/admin.go:331.51,333.48 2 0
github.com/rmcguinness/gemini_task_engine/pkg/api/admin.go:333.48,336.3 2 0
github.com/rmcguinness/gemini_task_engine/pkg/api/admin.go:337.2,337.78 1 0
github.com/rmcguinness/gemini_task_engine/pkg/api/admin.go:337.78,340.3 2 0
github.com/rmcguinness/gemini_task_engine/pkg/api/admin.go:341.2,341.29 1 0
github.com/rmcguinness/gemini_task_engine/pkg/api/admin.go:344.51,346.75 2 0
github.com/rmcguinness/gemini_task_engine/pkg/api/admin.go:346.75,349.3 2 0
github.com/rmcguinness/gemini_task_engine/pkg/api/admin.go:350.2,350.51 1 0
github.com/rmcguinness/gemini_task_engine/pkg/api/admin.go:353.50,354.50 1 0
github.com/rmcguinness/gemini_task_engine/pkg/api/admin.go:354.50,356.17 2 0
github.com/rmcguinness/gemini_task_engine/pkg/api/admin.go:356.17,359.4 2 0
github.com/rmcguinness/gemini_task_engine/pkg/api/admin.go:360.3,361.9 2 0
github.com/rmcguinness/gemini_task_engine/pkg/api/admin.go:363.2,364.16 2 0
github.com/rmcguinness/gemini_task_engine/pkg/api/admin.go:364.16,367.3 2 0
github.com/rmcguinness/gemini_task_engine/pkg/api/admin.go:368.2,368.30 1 0
github.com/rmcguinness/gemini_task_engine/pkg/api/admin.go:373.55,375.18 2 0
github.com/rmcguinness/gemini_task_engine/pkg/api/admin.go:375.18,378.3 2 0
github.com/rmcguinness/gemini_task_engine/pkg/api/admin.go:379.2,380.47 2 0
github.com/rmcguinness/gemini_task_engine/pkg/api/admin.go:380.47,383.3 2 0
github.com/rmcguinness/gemini_task_engine/pkg/api/admin.go:384.2,385.83 2 0
github.com/rmcguinness/gemini_task_engine/pkg/api/admin.go:385.83,388.3 2 0
github.com/rmcguinness/gemini_task_engine/pkg/api/admin.go:389.2,389.33 1 0
github.com/rmcguinness/gemini_task_engine/pkg/api/admin.go:392.52,395.16 3 0
github.com/rmcguinness/gemini_task_engine/pkg/api/admin.go:395.16,398.3 2 0
github.com/rmcguinness/gemini_task_engine/pkg/api/admin.go:399.2,399.28 1 0
github.com/rmcguinness/gemini_task_engine/pkg/api/admin.go:402.55,404.47 2 0
github.com/rmcguinness/gemini_task_engine/pkg/api/admin.go:404.47,407.3 2 0
github.com/rmcguinness/gemini_task_engine/pkg/api/admin.go:408.2,408.81 1 0
github.com/rmcguinness/gemini_task_engine/pkg/api/admin.go:408.81,411.3 2 0
github.com/rmcguinness/gemini_task_engine/pkg/api/admin.go:412.2,412.28 1 0
github.com/rmcguinness/gemini_task_engine/pkg/api/admin.go:415.55,417.79 2 0
github.com/rmcguinness/gemini_task_engine/pkg/api/admin.go:417.79,420.3 2 0
github.com/rmcguinness/gemini_task_engine/pkg/api/admin.go:421.2,421.51 1 0
github.com/rmcguinness/gemini_task_engine/pkg/api/admin.go:424.54,425.50 1 0
github.com/rmcguinness/gemini_task_engine/pkg/api/admin.go:425.50,427.17 2 0
github.com/rmcguinness/gemini_task_engine/pkg/api/admin.go:427.17,430.4 2 0
github.com/rmcguinness/gemini_task_engine/pkg/api/admin.go:431.3,432.9 2 0
github.com/rmcguinness/gemini_task_engine/pkg/api/admin.go:434.2,435.16 2 0
github.com/rmcguinness/gemini_task_engine/pkg/api/admin.go:435.16,438.3 2 0
github.com/rmcguinness/gemini_task_engine/pkg/api/admin.go:439.2,439.29 1 0
github.com/rmcguinness/gemini_task_engine/pkg/api/admin.go:444.52,446.22 2 0
github.com/rmcguinness/gemini_task_engine/pkg/api/admin.go:446.22,449.3 2 0
github.com/rmcguinness/gemini_task_engine/pkg/api/admin.go:450.2,451.49 2 0
github.com/rmcguinness/gemini_task_engine/pkg/api/admin.go:451.49,454.3 2 0
github.com/rmcguinness/gemini_task_engine/pkg/api/admin.go:455.2,456.82 2 0
github.com/rmcguinness/gemini_task_engine/pkg/api/admin.go:456.82,459.3 2 0
github.com/rmcguinness/gemini_task_engine/pkg/api/admin.go:460.2,460.35 1 0
github.com/rmcguinness/gemini_task_engine/pkg/api/admin.go:463.49,466.16 3 0
github.com/rmcguinness/gemini_task_engine/pkg/api/admin.go:466.16,469.3 2 0
github.com/rmcguinness/gemini_task_engine/pkg/api/admin.go:470.2,470.30 1 0
github.com/rmcguinness/gemini_task_engine/pkg/api/admin.go:473.52,475.49 2 0
github.com/rmcguinness/gemini_task_engine/pkg/api/admin.go:475.49,478.3 2 0
github.com/rmcguinness/gemini_task_engine/pkg/api/admin.go:479.2,479.80 1 0
github.com/rmcguinness/gemini_task_engine/pkg/api/admin.go:479.80,482.3 2 0
github.com/rmcguinness/gemini_task_engine/pkg/api/admin.go:483.2,483.30 1 0
github.com/rmcguinness/gemini_task_engine/pkg/api/admin.go:486.52,488.76 2 0
github.com/rmcguinness/gemini_task_engine/pkg/api/admin.go:488.76,491.3 2 0
github.com/rmcguinness/gemini_task_engine/pkg/api/admin.go:492.2,492.51 1 0
github.com/rmcguinness/gemini_task_engine/pkg/api/admin.go:495.51,496.50 1 0
github.com/rmcguinness/gemini_task_engine/pkg/api/admin.go:496.50,498.17 2 0
github.com/rmcguinness/gemini_task_engine/pkg/api/admin.go:498.17,501.4 2 0
github.com/rmcguinness/gemini_task_engine/pkg/api/admin.go:502.3,503.9 2 0
github.com/rmcguinness/gemini_task_engine/pkg/api/admin.go:505.2,506.16 2 0
github.com/rmcguinness/gemini_task_engine/pkg/api/admin.go:506.16,509.3 2 0
github.com/rmcguinness/gemini_task_engine/pkg/api/admin.go:510.2,510.31 1 0
github.com/rmcguinness/gemini_task_engine/pkg/api/admin.go:515.59,517.48 2 0
github.com/rmcguinness/gemini_task_engine/pkg/api/admin.go:517.48,520.3 2 0
github.com/rmcguinness/gemini_task_engine/pkg/api/admin.go:521.2,521.86 1 0
github.com/rmcguinness/gemini_task_engine/pkg/api/admin.go:521.86,524.3 2 0
github.com/rmcguinness/gemini_task_engine/pkg/api/admin.go:525.2,525.34 1 0
github.com/rmcguinness/gemini_task_engine/pkg/api/admin.go:528.56,531.16 3 0
github.com/rmcguinness/gemini_task_engine/pkg/api/admin.go:531.16,534.3 2 0
github.com/rmcguinness/gemini_task_engine/pkg/api/admin.go:535.2,535.29 1 0
github.com/rmcguinness/gemini_task_engine/pkg/api/admin.go:538.59,540.48 2 0
github.com/rmcguinness/gemini_task_engine/pkg/api/admin.go:540.48,543.3 2 0
github.com/rmcguinness/gemini_task_engine/pkg/api/admin.go:544.2,544.86 1 0
github.com/rmcguinness/gemini_task_engine/pkg/api/admin.go:544.86,547.3 2 0
github.com/rmcguinness/gemini_task_engine/pkg/api/admin.go:548.2,548.29 1 0
github.com/rmcguinness/gemini_task_engine/pkg/api/admin.go:551.59,553.83 2 0
github.com/rmcguinness/gemini_task_engine/pkg/api/admin.go:553.83,556.3 2 0
github.com/rmcguinness/gemini_task_engine/pkg/api/admin.go:557.2,557.51 1 0
github.com/rmcguinness/gemini_task_engine/pkg/api/admin.go:560.58,561.50 1 0
github.com/rmcguinness/gemini_task_engine/pkg/api/admin.go:561.50,563.17 2 0
github.com/rmcguinness/gemini_task_engine/pkg/api/admin.go:563.17,566.4 2 0
github.com/rmcguinness/gemini_task_engine/pkg/api/admin.go:567.3,568.9 2 0
github.com/rmcguinness/gemini_task_engine/pkg/api/admin.go:570.2,571.16 2 0
github.com/rmcguinness/gemini_task_engine/pkg/api/admin.go:571.16,574.3 2 0
github.com/rmcguinness/gemini_task_engine/pkg/api/admin.go:575.2,575.30 1 0
github.com/rmcguinness/gemini_task_engine/pkg/api/admin.go:580.62,582.16 2 1
github.com/rmcguinness/gemini_task_engine/pkg/api/admin.go:582.16,585.3 2 0
github.com/rmcguinness/gemini_task_engine/pkg/api/admin.go:586.2,586.115 1 1
github.com/rmcguinness/gemini_task_engine/pkg/api/admin.go:589.59,592.2 2 1
github.com/rmcguinness/gemini_task_engine/pkg/api/admin.go:596.59,597.50 1 0
github.com/rmcguinness/gemini_task_engine/pkg/api/admin.go:597.50,599.17 2 0
github.com/rmcguinness/gemini_task_engine/pkg/api/admin.go:599.17,602.4 2 0
github.com/rmcguinness/gemini_task_engine/pkg/api/admin.go:603.3,604.9 2 0
github.com/rmcguinness/gemini_task_engine/pkg/api/admin.go:606.2,607.16 2 0
github.com/rmcguinness/gemini_task_engine/pkg/api/admin.go:607.16,610.3 2 0
github.com/rmcguinness/gemini_task_engine/pkg/api/admin.go:611.2,611.30 1 0
github.com/rmcguinness/gemini_task_engine/pkg/api/admin.go:614.57,617.16 3 0
github.com/rmcguinness/gemini_task_engine/pkg/api/admin.go:617.16,620.3 2 0
github.com/rmcguinness/gemini_task_engine/pkg/api/admin.go:621.2,621.29 1 0
github.com/rmcguinness/gemini_task_engine/pkg/api/admin.go:624.60,626.83 2 0
github.com/rmcguinness/gemini_task_engine/pkg/api/admin.go:626.83,629.3 2 0
github.com/rmcguinness/gemini_task_engine/pkg/api/admin.go:630.2,630.51 1 0
github.com/rmcguinness/gemini_task_engine/pkg/api/admin.go:635.58,636.50 1 0
github.com/rmcguinness/gemini_task_engine/pkg/api/admin.go:636.50,638.17 2 0
github.com/rmcguinness/gemini_task_engine/pkg/api/admin.go:638.17,641.4 2 0
github.com/rmcguinness/gemini_task_engine/pkg/api/admin.go:642.3,643.9 2 0
github.com/rmcguinness/gemini_task_engine/pkg/api/admin.go:645.2,646.16 2 0
github.com/rmcguinness/gemini_task_engine/pkg/api/admin.go:646.16,649.3 2 0
github.com/rmcguinness/gemini_task_engine/pkg/api/admin.go:650.2,650.29 1 0
github.com/rmcguinness/gemini_task_engine/pkg/api/admin.go:653.56,656.16 3 0
github.com/rmcguinness/gemini_task_engine/pkg/api/admin.go:656.16,659.3 2 0
github.com/rmcguinness/gemini_task_engine/pkg/api/admin.go:660.2,660.29 1 0
github.com/rmcguinness/gemini_task_engine/pkg/api/admin.go:663.59,665.78 2 0
github.com/rmcguinness/gemini_task_engine/pkg/api/admin.go:665.78,668.3 2 0
github.com/rmcguinness/gemini_task_engine/pkg/api/admin.go:669.2,669.51 1 0
github.com/rmcguinness/gemini_task_engine/pkg/api/admin.go:674.49,675.50 1 0
github.com/rmcguinness/gemini_task_engine/pkg/api/admin.go:675.50,677.17 2 0
github.com/rmcguinness/gemini_task_engine/pkg/api/admin.go:677.17,680.4 2 0
github.com/rmcguinness/gemini_task_engine/pkg/api/admin.go:681.3,682.9 2 0
github.com/rmcguinness/gemini_task_engine/pkg/api/admin.go:684.2,685.16 2 0
github.com/rmcguinness/gemini_task_engine/pkg/api/admin.go:685.16,688.3 2 0
github.com/rmcguinness/gemini_task_engine/pkg/api/admin.go:689.2,689.29 1 0
github.com/rmcguinness/gemini_task_engine/pkg/api/admin.go:692.47,695.16 3 0
github.com/rmcguinness/gemini_task_engine/pkg/api/admin.go:695.16,698.3 2 0
github.com/rmcguinness/gemini_task_engine/pkg/api/admin.go:699.2,699.28 1 0
github.com/rmcguinness/gemini_task_engine/pkg/api/admin.go:702.50,704.72 2 0
github.com/rmcguinness/gemini_task_engine/pkg/api/admin.go:704.72,707.3 2 0
github.com/rmcguinness/gemini_task_engine/pkg/api/admin.go:708.2,708.51 1 0
github.com/rmcguinness/gemini_task_engine/pkg/api/admin.go:713.54,714.50 1 0
github.com/rmcguinness/gemini_task_engine/pkg/api/admin.go:714.50,716.17 2 0
github.com/rmcguinness/gemini_task_engine/pkg/api/admin.go:716.17,719.4 2 0
github.com/rmcguinness/gemini_task_engine/pkg/api/admin.go:720.3,721.9 2 0
github.com/rmcguinness/gemini_task_engine/pkg/api/admin.go:723.2,724.16 2 0
github.com/rmcguinness/gemini_task_engine/pkg/api/admin.go:724.16,727.3 2 0
github.com/rmcguinness/gemini_task_engine/pkg/api/admin.go:728.2,728.30 1 0
github.com/rmcguinness/gemini_task_engine/pkg/api/admin.go:731.51,734.16 3 0
github.com/rmcguinness/gemini_task_engine/pkg/api/admin.go:734.16,737.3 2 0
github.com/rmcguinness/gemini_task_engine/pkg/api/admin.go:738.2,738.29 1 0
github.com/rmcguinness/gemini_task_engine/pkg/api/admin.go:741.54,743.76 2 0
github.com/rmcguinness/gemini_task_engine/pkg/api/admin.go:743.76,746.3 2 0
github.com/rmcguinness/gemini_task_engine/pkg/api/admin.go:747.2,747.51 1 0
github.com/rmcguinness/gemini_task_engine/pkg/api/chat.go:50.16,52.69 2 1
github.com/rmcguinness/gemini_task_engine/pkg/api/chat.go:52.69,54.3 1 1
github.com/rmcguinness/gemini_task_engine/pkg/api/chat.go:54.8,56.3 1 1
github.com/rmcguinness/gemini_task_engine/pkg/api/chat.go:57.2,63.3 1 1
github.com/rmcguinness/gemini_task_engine/pkg/api/chat.go:81.51,84.9 3 1
github.com/rmcguinness/gemini_task_engine/pkg/api/chat.go:84.9,87.3 2 0
github.com/rmcguinness/gemini_task_engine/pkg/api/chat.go:88.2,92.47 4 1
github.com/rmcguinness/gemini_task_engine/pkg/api/chat.go:92.47,95.3 2 0
github.com/rmcguinness/gemini_task_engine/pkg/api/chat.go:97.2,101.16 4 1
github.com/rmcguinness/gemini_task_engine/pkg/api/chat.go:101.16,104.3 2 0
github.com/rmcguinness/gemini_task_engine/pkg/api/chat.go:107.2,108.20 2 1
github.com/rmcguinness/gemini_task_engine/pkg/api/chat.go:108.20,111.3 2 0
github.com/rmcguinness/gemini_task_engine/pkg/api/chat.go:113.2,119.113 4 1
github.com/rmcguinness/gemini_task_engine/pkg/api/chat.go:119.113,124.31 3 0
github.com/rmcguinness/gemini_task_engine/pkg/api/chat.go:124.31,125.209 1 0
github.com/rmcguinness/gemini_task_engine/pkg/api/chat.go:125.209,127.10 2 0
github.com/rmcguinness/gemini_task_engine/pkg/api/chat.go:131.3,131.24 1 0
github.com/rmcguinness/gemini_task_engine/pkg/api/chat.go:131.24,168.4 3 0
github.com/rmcguinness/gemini_task_engine/pkg/api/chat.go:168.9,170.4 1 0
github.com/rmcguinness/gemini_task_engine/pkg/api/chat.go:171.8,171.116 1 1
github.com/rmcguinness/gemini_task_engine/pkg/api/chat.go:171.116,177.72 4 0
github.com/rmcguinness/gemini_task_engine/pkg/api/chat.go:177.72,182.36 4 0
github.com/rmcguinness/gemini_task_engine/pkg/api/chat.go:182.36,186.20 3 0
github.com/rmcguinness/gemini_task_engine/pkg/api/chat.go:186.20,187.34 1 0
github.com/rmcguinness/gemini_task_engine/pkg/api/chat.go:187.34,188.32 1 0
github.com/rmcguinness/gemini_task_engine/pkg/api/chat.go:188.32,190.13 2 0
github.com/rmcguinness/gemini_task_engine/pkg/api/chat.go:196.5,198.20 3 0
github.com/rmcguinness/gemini_task_engine/pkg/api/chat.go:198.20,199.31 1 0
github.com/rmcguinness/gemini_task_engine/pkg/api/chat.go:199.31,200.37 1 0
github.com/rmcguinness/gemini_task_engine/pkg/api/chat.go:200.37,201.30 1 0
github.com/rmcguinness/gemini_task_engine/pkg/api/chat.go:201.30,203.9 1 0
github.com/rmcguinness/gemini_task_engine/pkg/api/chat.go:203.14,205.9 1 0
github.com/rmcguinness/gemini_task_engine/pkg/api/chat.go:206.8,206.13 1 0
github.com/rmcguinness/gemini_task_engine/pkg/api/chat.go:211.5,246.7 1 0
github.com/rmcguinness/gemini_task_engine/pkg/api/chat.go:249.4,260.5 1 0
github.com/rmcguinness/gemini_task_engine/pkg/api/chat.go:261.9,266.40 3 0
github.com/rmcguinness/gemini_task_engine/pkg/api/chat.go:266.40,267.33 1 0
github.com/rmcguinness/gemini_task_engine/pkg/api/chat.go:267.33,269.90 1 0
github.com/rmcguinness/gemini_task_engine/pkg/api/chat.go:269.90,274.7 1 0
github.com/rmcguinness/gemini_task_engine/pkg/api/chat.go:280.4,280.31 1 0
github.com/rmcguinness/gemini_task_engine/pkg/api/chat.go:280.31,282.22 2 0
github.com/rmcguinness/gemini_task_engine/pkg/api/chat.go:282.22,283.39 1 0
github.com/rmcguinness/gemini_task_engine/pkg/api/chat.go:283.39,284.91 1 0
github.com/rmcguinness/gemini_task_engine/pkg/api/chat.go:284.91,286.34 2 0
github.com/rmcguinness/gemini_task_engine/pkg/api/chat.go:286.34,287.27 1 0
github.com/rmcguinness/gemini_task_engine/pkg/api/chat.go:287.27,289.15 2 0
github.com/rmcguinness/gemini_task_engine/pkg/api/chat.go:292.8,292.32 1 0
github.com/rmcguinness/gemini_task_engine/pkg/api/chat.go:292.32,297.9 1 0
github.com/rmcguinness/gemini_task_engine/pkg/api/chat.go:304.4,305.31 2 0
github.com/rmcguinness/gemini_task_engine/pkg/api/chat.go:305.31,313.5 2 0
github.com/rmcguinness/gemini_task_engine/pkg/api/chat.go:313.10,315.5 1 0
github.com/rmcguinness/gemini_task_engine/pkg/api/chat.go:317.4,321.27 4 0
github.com/rmcguinness/gemini_task_engine/pkg/api/chat.go:321.27,323.5 1 0
github.com/rmcguinness/gemini_task_engine/pkg/api/chat.go:325.4,365.5 3 0
github.com/rmcguinness/gemini_task_engine/pkg/api/chat.go:367.8,367.125 1 1
github.com/rmcguinness/gemini_task_engine/pkg/api/chat.go:367.125,374.23 4 1
github.com/rmcguinness/gemini_task_engine/pkg/api/chat.go:374.23,377.28 2 0
github.com/rmcguinness/gemini_task_engine/pkg/api/chat.go:377.28,379.5 1 0
github.com/rmcguinness/gemini_task_engine/pkg/api/chat.go:379.10,379.35 1 0
github.com/rmcguinness/gemini_task_engine/pkg/api/chat.go:379.35,381.5 1 0
github.com/rmcguinness/gemini_task_engine/pkg/api/chat.go:382.9,386.27 3 1
github.com/rmcguinness/gemini_task_engine/pkg/api/chat.go:386.27,388.29 2 1
github.com/rmcguinness/gemini_task_engine/pkg/api/chat.go:388.29,390.6 1 1
github.com/rmcguinness/gemini_task_engine/pkg/api/chat.go:390.11,390.36 1 0
github.com/rmcguinness/gemini_task_engine/pkg/api/chat.go:390.36,392.6 1 0
github.com/rmcguinness/gemini_task_engine/pkg/api/chat.go:397.3,403.20 5 1
github.com/rmcguinness/gemini_task_engine/pkg/api/chat.go:403.20,410.54 5 1
github.com/rmcguinness/gemini_task_engine/pkg/api/chat.go:410.54,413.23 3 0
github.com/rmcguinness/gemini_task_engine/pkg/api/chat.go:413.23,415.25 2 0
github.com/rmcguinness/gemini_task_engine/pkg/api/chat.go:415.25,418.7 2 0
github.com/rmcguinness/gemini_task_engine/pkg/api/chat.go:424.3,426.19 2 1
github.com/rmcguinness/gemini_task_engine/pkg/api/chat.go:426.19,431.28 3 0
github.com/rmcguinness/gemini_task_engine/pkg/api/chat.go:431.28,435.43 4 0
github.com/rmcguinness/gemini_task_engine/pkg/api/chat.go:435.43,438.6 2 0
github.com/rmcguinness/gemini_task_engine/pkg/api/chat.go:439.5,440.16 2 0
github.com/rmcguinness/gemini_task_engine/pkg/api/chat.go:440.16,442.6 1 0
github.com/rmcguinness/gemini_task_engine/pkg/api/chat.go:443.5,444.66 2 0
github.com/rmcguinness/gemini_task_engine/pkg/api/chat.go:448.4,450.28 3 0
github.com/rmcguinness/gemini_task_engine/pkg/api/chat.go:450.28,459.39 8 0
github.com/rmcguinness/gemini_task_engine/pkg/api/chat.go:459.39,461.6 1 0
github.com/rmcguinness/gemini_task_engine/pkg/api/chat.go:461.11,461.45 1 0
github.com/rmcguinness/gemini_task_engine/pkg/api/chat.go:461.45,463.6 1 0
github.com/rmcguinness/gemini_task_engine/pkg/api/chat.go:463.11,463.46 1 0
github.com/rmcguinness/gemini_task_engine/pkg/api/chat.go:463.46,465.6 1 0
github.com/rmcguinness/gemini_task_engine/pkg/api/chat.go:465.11,465.47 1 0
github.com/rmcguinness/gemini_task_engine/pkg/api/chat.go:465.47,467.6 1 0
github.com/rmcguinness/gemini_task_engine/pkg/api/chat.go:467.11,467.47 1 0
github.com/rmcguinness/gemini_task_engine/pkg/api/chat.go:467.47,469.6 1 0
github.com/rmcguinness/gemini_task_engine/pkg/api/chat.go:469.11,469.47 1 0
github.com/rmcguinness/gemini_task_engine/pkg/api/chat.go:469.47,471.6 1 0
github.com/rmcguinness/gemini_task_engine/pkg/api/chat.go:471.11,471.47 1 0
github.com/rmcguinness/gemini_task_engine/pkg/api/chat.go:471.47,473.6 1 0
github.com/rmcguinness/gemini_task_engine/pkg/api/chat.go:473.11,475.6 1 0
github.com/rmcguinness/gemini_task_engine/pkg/api/chat.go:476.5,476.78 1 0
github.com/rmcguinness/gemini_task_engine/pkg/api/chat.go:480.4,482.29 3 0
github.com/rmcguinness/gemini_task_engine/pkg/api/chat.go:482.29,489.5 6 0
github.com/rmcguinness/gemini_task_engine/pkg/api/chat.go:492.4,494.27 3 0
github.com/rmcguinness/gemini_task_engine/pkg/api/chat.go:494.27,497.5 2 0
github.com/rmcguinness/gemini_task_engine/pkg/api/chat.go:500.3,501.19 2 1
github.com/rmcguinness/gemini_task_engine/pkg/api/chat.go:501.19,503.4 1 0
github.com/rmcguinness/gemini_task_engine/pkg/api/chat.go:503.9,505.4 1 1
github.com/rmcguinness/gemini_task_engine/pkg/api/chat.go:507.3,524.4 2 1
github.com/rmcguinness/gemini_task_engine/pkg/api/chat.go:525.8,525.218 1 1
github.com/rmcguinness/gemini_task_engine/pkg/api/chat.go:525.218,530.31 4 0
github.com/rmcguinness/gemini_task_engine/pkg/api/chat.go:530.31,531.37 1 0
github.com/rmcguinness/gemini_task_engine/pkg/api/chat.go:531.37,533.10 2 0
github.com/rmcguinness/gemini_task_engine/pkg/api/chat.go:536.3,536.163 1 0
github.com/rmcguinness/gemini_task_engine/pkg/api/chat.go:536.163,538.4 1 0
github.com/rmcguinness/gemini_task_engine/pkg/api/chat.go:540.3,540.29 1 0
github.com/rmcguinness/gemini_task_engine/pkg/api/chat.go:540.29,543.21 2 0
github.com/rmcguinness/gemini_task_engine/pkg/api/chat.go:543.21,549.29 4 0
github.com/rmcguinness/gemini_task_engine/pkg/api/chat.go:549.29,550.36 1 0
github.com/rmcguinness/gemini_task_engine/pkg/api/chat.go:550.36,552.7 1 0
github.com/rmcguinness/gemini_task_engine/pkg/api/chat.go:553.11,557.6 1 0
github.com/rmcguinness/gemini_task_engine/pkg/api/chat.go:559.5,572.22 2 0
github.com/rmcguinness/gemini_task_engine/pkg/api/chat.go:577.3,582.39 4 0
github.com/rmcguinness/gemini_task_engine/pkg/api/chat.go:582.39,583.32 1 0
github.com/rmcguinness/gemini_task_engine/pkg/api/chat.go:583.32,590.5 2 0
github.com/rmcguinness/gemini_task_engine/pkg/api/chat.go:591.9,600.32 3 0
github.com/rmcguinness/gemini_task_engine/pkg/api/chat.go:600.32,606.5 2 0
github.com/rmcguinness/gemini_task_engine/pkg/api/chat.go:609.3,642.4 3 0
github.com/rmcguinness/gemini_task_engine/pkg/api/chat.go:643.8,643.203 1 1
github.com/rmcguinness/gemini_task_engine/pkg/api/chat.go:643.203,781.3 3 0
github.com/rmcguinness/gemini_task_engine/pkg/api/chat.go:781.8,781.174 1 1
github.com/rmcguinness/gemini_task_engine/pkg/api/chat.go:781.174,786.43 3 0
github.com/rmcguinness/gemini_task_engine/pkg/api/chat.go:786.43,787.36 1 0
github.com/rmcguinness/gemini_task_engine/pkg/api/chat.go:787.36,789.30 1 0
github.com/rmcguinness/gemini_task_engine/pkg/api/chat.go:789.30,792.56 2 0
github.com/rmcguinness/gemini_task_engine/pkg/api/chat.go:792.56,794.7 1 0
github.com/rmcguinness/gemini_task_engine/pkg/api/chat.go:794.12,794.63 1 0
github.com/rmcguinness/gemini_task_engine/pkg/api/chat.go:794.63,796.7 1 0
github.com/rmcguinness/gemini_task_engine/pkg/api/chat.go:796.12,796.63 1 0
github.com/rmcguinness/gemini_task_engine/pkg/api/chat.go:796.63,798.7 1 0
github.com/rmcguinness/gemini_task_engine/pkg/api/chat.go:798.12,800.7 1 0
github.com/rmcguinness/gemini_task_engine/pkg/api/chat.go:802.6,805.8 1 0
github.com/rmcguinness/gemini_task_engine/pkg/api/chat.go:811.3,811.30 1 0
github.com/rmcguinness/gemini_task_engine/pkg/api/chat.go:811.30,818.4 1 0
github.com/rmcguinness/gemini_task_engine/pkg/api/chat.go:820.3,865.4 3 0
github.com/rmcguinness/gemini_task_engine/pkg/api/chat.go:866.8,866.213 1 1
github.com/rmcguinness/gemini_task_engine/pkg/api/chat.go:866.213,869.35 2 0
github.com/rmcguinness/gemini_task_engine/pkg/api/chat.go:869.35,874.28 4 0
github.com/rmcguinness/gemini_task_engine/pkg/api/chat.go:874.28,885.5 1 0
github.com/rmcguinness/gemini_task_engine/pkg/api/chat.go:887.4,898.5 1 0
github.com/rmcguinness/gemini_task_engine/pkg/api/chat.go:899.9,901.4 1 0
github.com/rmcguinness/gemini_task_engine/pkg/api/chat.go:902.8,902.138 1 1
github.com/rmcguinness/gemini_task_engine/pkg/api/chat.go:902.138,958.3 3 0
github.com/rmcguinness/gemini_task_engine/pkg/api/chat.go:958.8,958.275 1 1
github.com/rmcguinness/gemini_task_engine/pkg/api/chat.go:958.275,961.39 2 0
github.com/rmcguinness/gemini_task_engine/pkg/api/chat.go:961.39,978.20 6 0
github.com/rmcguinness/gemini_task_engine/pkg/api/chat.go:978.20,980.5 1 0
github.com/rmcguinness/gemini_task_engine/pkg/api/chat.go:981.4,981.20 1 0
github.com/rmcguinness/gemini_task_engine/pkg/api/chat.go:981.20,983.5 1 0
github.com/rmcguinness/gemini_task_engine/pkg/api/chat.go:985.4,985.32 1 0
github.com/rmcguinness/gemini_task_engine/pkg/api/chat.go:985.32,988.31 2 0
github.com/rmcguinness/gemini_task_engine/pkg/api/chat.go:988.31,989.24 1 0
github.com/rmcguinness/gemini_task_engine/pkg/api/chat.go:989.24,991.12 2 0
github.com/rmcguinness/gemini_task_engine/pkg/api/chat.go:995.5,995.113 1 0
github.com/rmcguinness/gemini_task_engine/pkg/api/chat.go:995.113,1006.6 1 0
github.com/rmcguinness/gemini_task_engine/pkg/api/chat.go:1009.4,1020.5 1 0
github.com/rmcguinness/gemini_task_engine/pkg/api/chat.go:1021.9,1023.4 1 0
github.com/rmcguinness/gemini_task_engine/pkg/api/chat.go:1024.8,1024.159 1 1
github.com/rmcguinness/gemini_task_engine/pkg/api/chat.go:1024.159,1030.36 4 0
github.com/rmcguinness/gemini_task_engine/pkg/api/chat.go:1030.36,1037.33 4 0
github.com/rmcguinness/gemini_task_engine/pkg/api/chat.go:1037.33,1040.32 2 0
github.com/rmcguinness/gemini_task_engine/pkg/api/chat.go:1040.32,1042.6 1 0
github.com/rmcguinness/gemini_task_engine/pkg/api/chat.go:1045.5,1046.26 2 0
github.com/rmcguinness/gemini_task_engine/pkg/api/chat.go:1046.26,1048.6 1 0
github.com/rmcguinness/gemini_task_engine/pkg/api/chat.go:1050.5,1073.7 1 0
github.com/rmcguinness/gemini_task_engine/pkg/api/chat.go:1076.4,1081.5 1 0
github.com/rmcguinness/gemini_task_engine/pkg/api/chat.go:1082.9,1084.4 1 0
github.com/rmcguinness/gemini_task_engine/pkg/api/chat.go:1085.8,1085.159 1 1
github.com/rmcguinness/gemini_task_engine/pkg/api/chat.go:1085.159,1087.55 2 1
github.com/rmcguinness/gemini_task_engine/pkg/api/chat.go:1087.55,1089.4 1 1
github.com/rmcguinness/gemini_task_engine/pkg/api/chat.go:1089.9,1089.62 1 0
github.com/rmcguinness/gemini_task_engine/pkg/api/chat.go:1089.62,1091.4 1 0
github.com/rmcguinness/gemini_task_engine/pkg/api/chat.go:1093.3,1094.74 2 1
github.com/rmcguinness/gemini_task_engine/pkg/api/chat.go:1094.74,1095.28 1 1
github.com/rmcguinness/gemini_task_engine/pkg/api/chat.go:1095.28,1097.5 1 1
github.com/rmcguinness/gemini_task_engine/pkg/api/chat.go:1097.10,1097.36 1 0
github.com/rmcguinness/gemini_task_engine/pkg/api/chat.go:1097.36,1099.5 1 0
github.com/rmcguinness/gemini_task_engine/pkg/api/chat.go:1099.10,1101.5 1 0
github.com/rmcguinness/gemini_task_engine/pkg/api/chat.go:1102.9,1102.123 1 0
github.com/rmcguinness/gemini_task_engine/pkg/api/chat.go:1102.123,1103.28 1 0
github.com/rmcguinness/gemini_task_engine/pkg/api/chat.go:1103.28,1105.5 1 0
github.com/rmcguinness/gemini_task_engine/pkg/api/chat.go:1105.10,1105.36 1 0
github.com/rmcguinness/gemini_task_engine/pkg/api/chat.go:1105.36,1107.5 1 0
github.com/rmcguinness/gemini_task_engine/pkg/api/chat.go:1107.10,1109.5 1 0
github.com/rmcguinness/gemini_task_engine/pkg/api/chat.go:1110.9,1110.154 1 0
github.com/rmcguinness/gemini_task_engine/pkg/api/chat.go:1110.154,1111.28 1 0
github.com/rmcguinness/gemini_task_engine/pkg/api/chat.go:1111.28,1113.5 1 0
github.com/rmcguinness/gemini_task_engine/pkg/api/chat.go:1113.10,1113.36 1 0
github.com/rmcguinness/gemini_task_engine/pkg/api/chat.go:1113.36,1115.5 1 0
github.com/rmcguinness/gemini_task_engine/pkg/api/chat.go:1115.10,1117.5 1 0
github.com/rmcguinness/gemini_task_engine/pkg/api/chat.go:1118.9,1118.165 1 0
github.com/rmcguinness/gemini_task_engine/pkg/api/chat.go:1118.165,1119.28 1 0
github.com/rmcguinness/gemini_task_engine/pkg/api/chat.go:1119.28,1121.5 1 0
github.com/rmcguinness/gemini_task_engine/pkg/api/chat.go:1121.10,1121.36 1 0
github.com/rmcguinness/gemini_task_engine/pkg/api/chat.go:1121.36,1123.5 1 0
github.com/rmcguinness/gemini_task_engine/pkg/api/chat.go:1123.10,1125.5 1 0
github.com/rmcguinness/gemini_task_engine/pkg/api/chat.go:1126.9,1126.194 1 0
github.com/rmcguinness/gemini_task_engine/pkg/api/chat.go:1126.194,1127.28 1 0
github.com/rmcguinness/gemini_task_engine/pkg/api/chat.go:1127.28,1129.5 1 0
github.com/rmcguinness/gemini_task_engine/pkg/api/chat.go:1129.10,1129.36 1 0
github.com/rmcguinness/gemini_task_engine/pkg/api/chat.go:1129.36,1131.5 1 0
github.com/rmcguinness/gemini_task_engine/pkg/api/chat.go:1131.10,1133.5 1 0
github.com/rmcguinness/gemini_task_engine/pkg/api/chat.go:1136.3,1137.27 2 1
github.com/rmcguinness/gemini_task_engine/pkg/api/chat.go:1137.27,1139.4 1 1
github.com/rmcguinness/gemini_task_engine/pkg/api/chat.go:1139.9,1139.35 1 0
github.com/rmcguinness/gemini_task_engine/pkg/api/chat.go:1139.35,1141.4 1 0
github.com/rmcguinness/gemini_task_engine/pkg/api/chat.go:1143.3,1145.20 3 1
github.com/rmcguinness/gemini_task_engine/pkg/api/chat.go:1145.20,1148.4 2 1
github.com/rmcguinness/gemini_task_engine/pkg/api/chat.go:1150.3,1154.20 2 1
github.com/rmcguinness/gemini_task_engine/pkg/api/chat.go:1154.20,1156.4 1 1
github.com/rmcguinness/gemini_task_engine/pkg/api/chat.go:1158.3,1197.4 3 1
github.com/rmcguinness/gemini_task_engine/pkg/api/chat.go:1198.8,1201.20 2 0
github.com/rmcguinness/gemini_task_engine/pkg/api/chat.go:1201.20,1206.28 4 0
github.com/rmcguinness/gemini_task_engine/pkg/api/chat.go:1206.28,1207.35 1 0
github.com/rmcguinness/gemini_task_engine/pkg/api/chat.go:1207.35,1209.6 1 0
github.com/rmcguinness/gemini_task_engine/pkg/api/chat.go:1210.10,1214.5 1 0
github.com/rmcguinness/gemini_task_engine/pkg/api/chat.go:1216.4,1226.5 1 0
github.com/rmcguinness/gemini_task_engine/pkg/api/chat.go:1227.9,1236.4 3 0
github.com/rmcguinness/gemini_task_engine/pkg/api/chat.go:1242.2,1243.90 2 1
github.com/rmcguinness/gemini_task_engine/pkg/api/chat.go:1243.90,1245.3 1 1
github.com/rmcguinness/gemini_task_engine/pkg/api/chat.go:1247.2,1253.21 3 1
github.com/rmcguinness/gemini_task_engine/pkg/api/chat.go:1253.21,1254.59 1 1
github.com/rmcguinness/gemini_task_engine/pkg/api/chat.go:1254.59,1257.4 2 1
github.com/rmcguinness/gemini_task_engine/pkg/api/chat.go:1260.2,1281.38 8 1
github.com/rmcguinness/gemini_task_engine/pkg/api/chat.go:1285.93,1287.31 2 1
github.com/rmcguinness/gemini_task_engine/pkg/api/chat.go:1287.31,1289.3 1 1
github.com/rmcguinness/gemini_task_engine/pkg/api/chat.go:1292.2,1293.182 2 1
github.com/rmcguinness/gemini_task_engine/pkg/api/chat.go:1293.182,1295.3 1 1
github.com/rmcguinness/gemini_task_engine/pkg/api/chat.go:1295.8,1295.153 1 0
github.com/rmcguinness/gemini_task_engine/pkg/api/chat.go:1295.153,1297.3 1 0
github.com/rmcguinness/gemini_task_engine/pkg/api/chat.go:1297.8,1299.3 1 0
github.com/rmcguinness/gemini_task_engine/pkg/api/chat.go:1300.2,1308.44 6 1
github.com/rmcguinness/gemini_task_engine/pkg/api/chat.go:1308.44,1310.3 1 0
github.com/rmcguinness/gemini_task_engine/pkg/api/chat.go:1310.8,1310.50 1 1
github.com/rmcguinness/gemini_task_engine/pkg/api/chat.go:1310.50,1312.3 1 0
github.com/rmcguinness/gemini_task_engine/pkg/api/chat.go:1312.8,1312.51 1 1
github.com/rmcguinness/gemini_task_engine/pkg/api/chat.go:1312.51,1314.3 1 0
github.com/rmcguinness/gemini_task_engine/pkg/api/chat.go:1314.8,1314.52 1 1
github.com/rmcguinness/gemini_task_engine/pkg/api/chat.go:1314.52,1316.3 1 1
github.com/rmcguinness/gemini_task_engine/pkg/api/chat.go:1316.8,1316.52 1 0
github.com/rmcguinness/gemini_task_engine/pkg/api/chat.go:1316.52,1318.3 1 0
github.com/rmcguinness/gemini_task_engine/pkg/api/chat.go:1318.8,1318.52 1 0
github.com/rmcguinness/gemini_task_engine/pkg/api/chat.go:1318.52,1320.3 1 0
github.com/rmcguinness/gemini_task_engine/pkg/api/chat.go:1320.8,1320.52 1 0
github.com/rmcguinness/gemini_task_engine/pkg/api/chat.go:1320.52,1322.3 1 0
github.com/rmcguinness/gemini_task_engine/pkg/api/chat.go:1322.8,1324.3 1 0
github.com/rmcguinness/gemini_task_engine/pkg/api/chat.go:1325.2,1334.20 6 1
github.com/rmcguinness/gemini_task_engine/pkg/api/chat.go:1334.20,1336.3 1 0
github.com/rmcguinness/gemini_task_engine/pkg/api/chat.go:1336.8,1338.3 1 1
github.com/rmcguinness/gemini_task_engine/pkg/api/chat.go:1340.2,1340.41 1 1
github.com/rmcguinness/gemini_task_engine/pkg/api/chat.go:1344.135,1348.16 3 0
github.com/rmcguinness/gemini_task_engine/pkg/api/chat.go:1348.16,1350.3 1 0
github.com/rmcguinness/gemini_task_engine/pkg/api/chat.go:1353.2,1358.52 5 0
github.com/rmcguinness/gemini_task_engine/pkg/api/chat.go:1358.52,1360.3 1 0
github.com/rmcguinness/gemini_task_engine/pkg/api/chat.go:1361.2,1364.16 3 0
github.com/rmcguinness/gemini_task_engine/pkg/api/chat.go:1364.16,1366.3 1 0
github.com/rmcguinness/gemini_task_engine/pkg/api/chat.go:1368.2,1376.56 2 0
github.com/rmcguinness/gemini_task_engine/pkg/api/chat.go:1376.56,1378.3 1 0
github.com/rmcguinness/gemini_task_engine/pkg/api/chat.go:1380.2,1380.59 1 0
github.com/rmcguinness/gemini_task_engine/pkg/api/chat.go:1380.59,1382.3 1 0
github.com/rmcguinness/gemini_task_engine/pkg/api/chat.go:1384.2,1385.42 2 0
github.com/rmcguinness/gemini_task_engine/pkg/api/chat.go:1385.42,1386.40 1 0
github.com/rmcguinness/gemini_task_engine/pkg/api/chat.go:1386.40,1391.26 4 0
github.com/rmcguinness/gemini_task_engine/pkg/api/chat.go:1391.26,1393.5 1 0
github.com/rmcguinness/gemini_task_engine/pkg/api/chat.go:1395.4,1398.6 1 0
github.com/rmcguinness/gemini_task_engine/pkg/api/chat.go:1402.2,1402.37 1 0
github.com/rmcguinness/gemini_task_engine/pkg/api/dto.go:46.39,48.28 2 1
github.com/rmcguinness/gemini_task_engine/pkg/api/dto.go:48.28,50.3 1 0
github.com/rmcguinness/gemini_task_engine/pkg/api/dto.go:51.2,52.36 2 1
github.com/rmcguinness/gemini_task_engine/pkg/api/dto.go:52.36,54.3 1 0
github.com/rmcguinness/gemini_task_engine/pkg/api/dto.go:55.2,56.28 2 1
github.com/rmcguinness/gemini_task_engine/pkg/api/dto.go:56.28,58.3 1 0
github.com/rmcguinness/gemini_task_engine/pkg/api/dto.go:59.2,66.3 1 1
github.com/rmcguinness/gemini_task_engine/pkg/api/dto.go:69.39,75.2 1 0
github.com/rmcguinness/gemini_task_engine/pkg/api/mcp.go:44.185,61.48 4 1
github.com/rmcguinness/gemini_task_engine/pkg/api/mcp.go:61.48,63.3 1 0
github.com/rmcguinness/gemini_task_engine/pkg/api/mcp.go:65.2,65.50 1 1
github.com/rmcguinness/gemini_task_engine/pkg/api/mcp.go:65.50,67.3 1 0
github.com/rmcguinness/gemini_task_engine/pkg/api/mcp.go:69.2,69.39 1 1
github.com/rmcguinness/gemini_task_engine/pkg/api/mcp.go:69.39,71.3 1 0
github.com/rmcguinness/gemini_task_engine/pkg/api/mcp.go:73.2,73.21 1 1
github.com/rmcguinness/gemini_task_engine/pkg/api/mcp.go:109.58,111.2 1 1
github.com/rmcguinness/gemini_task_engine/pkg/api/mcp.go:113.59,115.2 1 1
github.com/rmcguinness/gemini_task_engine/pkg/api/mcp.go:117.65,119.2 1 0
github.com/rmcguinness/gemini_task_engine/pkg/api/mcp.go:121.43,122.19 1 0
github.com/rmcguinness/gemini_task_engine/pkg/api/mcp.go:122.19,124.3 1 0
github.com/rmcguinness/gemini_task_engine/pkg/api/mcp.go:125.2,125.17 1 0
github.com/rmcguinness/gemini_task_engine/pkg/api/mcp.go:129.48,130.30 1 1
github.com/rmcguinness/gemini_task_engine/pkg/api/mcp.go:130.30,133.20 2 1
github.com/rmcguinness/gemini_task_engine/pkg/api/mcp.go:133.20,135.4 1 1
github.com/rmcguinness/gemini_task_engine/pkg/api/mcp.go:136.3,146.28 7 1
github.com/rmcguinness/gemini_task_engine/pkg/api/mcp.go:146.28,149.18 3 1
github.com/rmcguinness/gemini_task_engine/pkg/api/mcp.go:149.18,152.5 1 1
github.com/rmcguinness/gemini_task_engine/pkg/api/mcp.go:156.3,158.23 3 1
github.com/rmcguinness/gemini_task_engine/pkg/api/mcp.go:158.23,159.59 1 1
github.com/rmcguinness/gemini_task_engine/pkg/api/mcp.go:159.59,161.5 1 1
github.com/rmcguinness/gemini_task_engine/pkg/api/mcp.go:165.3,181.25 8 1
github.com/rmcguinness/gemini_task_engine/pkg/api/mcp.go:181.25,183.62 2 1
github.com/rmcguinness/gemini_task_engine/pkg/api/mcp.go:183.62,186.56 2 1
github.com/rmcguinness/gemini_task_engine/pkg/api/mcp.go:186.56,193.70 2 1
github.com/rmcguinness/gemini_task_engine/pkg/api/mcp.go:193.70,196.21 3 1
github.com/rmcguinness/gemini_task_engine/pkg/api/mcp.go:196.21,199.8 2 1
github.com/rmcguinness/gemini_task_engine/pkg/api/mcp.go:201.11,201.62 1 1
github.com/rmcguinness/gemini_task_engine/pkg/api/mcp.go:201.62,212.65 2 0
github.com/rmcguinness/gemini_task_engine/pkg/api/mcp.go:212.65,216.7 3 0
github.com/rmcguinness/gemini_task_engine/pkg/api/mcp.go:219.5,219.17 1 1
github.com/rmcguinness/gemini_task_engine/pkg/api/mcp.go:219.17,220.64 1 1
github.com/rmcguinness/gemini_task_engine/pkg/api/mcp.go:220.64,222.7 1 1
github.com/rmcguinness/gemini_task_engine/pkg/api/mcp.go:229.3,231.41 3 1
github.com/rmcguinness/gemini_task_engine/pkg/api/mcp.go:336.44,339.16 2 1
github.com/rmcguinness/gemini_task_engine/pkg/api/mcp.go:339.16,341.3 1 0
github.com/rmcguinness/gemini_task_engine/pkg/api/mcp.go:344.2,345.16 2 1
github.com/rmcguinness/gemini_task_engine/pkg/api/mcp.go:345.16,347.3 1 0
github.com/rmcguinness/gemini_task_engine/pkg/api/mcp.go:350.2,351.16 2 1
github.com/rmcguinness/gemini_task_engine/pkg/api/mcp.go:351.16,353.3 1 0
github.com/rmcguinness/gemini_task_engine/pkg/api/mcp.go:356.2,357.16 2 1
github.com/rmcguinness/gemini_task_engine/pkg/api/mcp.go:357.16,359.3 1 0
github.com/rmcguinness/gemini_task_engine/pkg/api/mcp.go:362.2,363.16 2 1
github.com/rmcguinness/gemini_task_engine/pkg/api/mcp.go:363.16,365.3 1 0
github.com/rmcguinness/gemini_task_engine/pkg/api/mcp.go:368.2,369.16 2 1
github.com/rmcguinness/gemini_task_engine/pkg/api/mcp.go:369.16,371.3 1 0
github.com/rmcguinness/gemini_task_engine/pkg/api/mcp.go:374.2,375.16 2 1
github.com/rmcguinness/gemini_task_engine/pkg/api/mcp.go:375.16,377.3 1 0
github.com/rmcguinness/gemini_task_engine/pkg/api/mcp.go:380.2,381.16 2 1
github.com/rmcguinness/gemini_task_engine/pkg/api/mcp.go:381.16,383.3 1 0
github.com/rmcguinness/gemini_task_engine/pkg/api/mcp.go:386.2,387.16 2 1
github.com/rmcguinness/gemini_task_engine/pkg/api/mcp.go:387.16,389.3 1 0
github.com/rmcguinness/gemini_task_engine/pkg/api/mcp.go:392.2,393.16 2 1
github.com/rmcguinness/gemini_task_engine/pkg/api/mcp.go:393.16,395.3 1 0
github.com/rmcguinness/gemini_task_engine/pkg/api/mcp.go:398.2,399.16 2 1
github.com/rmcguinness/gemini_task_engine/pkg/api/mcp.go:399.16,401.3 1 0
github.com/rmcguinness/gemini_task_engine/pkg/api/mcp.go:404.2,405.16 2 1
github.com/rmcguinness/gemini_task_engine/pkg/api/mcp.go:405.16,407.3 1 0
github.com/rmcguinness/gemini_task_engine/pkg/api/mcp.go:410.2,411.16 2 1
github.com/rmcguinness/gemini_task_engine/pkg/api/mcp.go:411.16,413.3 1 0
github.com/rmcguinness/gemini_task_engine/pkg/api/mcp.go:416.2,417.16 2 1
github.com/rmcguinness/gemini_task_engine/pkg/api/mcp.go:417.16,419.3 1 0
github.com/rmcguinness/gemini_task_engine/pkg/api/mcp.go:422.2,423.12 2 1
github.com/rmcguinness/gemini_task_engine/pkg/api/mcp.go:426.44,428.62 2 1
github.com/rmcguinness/gemini_task_engine/pkg/api/mcp.go:428.62,429.50 1 0
github.com/rmcguinness/gemini_task_engine/pkg/api/mcp.go:429.50,430.33 1 0
github.com/rmcguinness/gemini_task_engine/pkg/api/mcp.go:430.33,432.5 1 0
github.com/rmcguinness/gemini_task_engine/pkg/api/mcp.go:435.2,435.15 1 1
github.com/rmcguinness/gemini_task_engine/pkg/api/mcp.go:435.15,436.48 1 1
github.com/rmcguinness/gemini_task_engine/pkg/api/mcp.go:436.48,438.4 1 1
github.com/rmcguinness/gemini_task_engine/pkg/api/mcp.go:440.2,440.15 1 1
github.com/rmcguinness/gemini_task_engine/pkg/api/mcp.go:440.15,442.44 2 1
github.com/rmcguinness/gemini_task_engine/pkg/api/mcp.go:442.44,444.4 1 1
github.com/rmcguinness/gemini_task_engine/pkg/api/mcp.go:446.2,446.11 1 1
github.com/rmcguinness/gemini_task_engine/pkg/api/mcp.go:450.104,452.16 2 1
github.com/rmcguinness/gemini_task_engine/pkg/api/mcp.go:452.16,454.3 1 0
github.com/rmcguinness/gemini_task_engine/pkg/api/mcp.go:456.2,457.29 2 1
github.com/rmcguinness/gemini_task_engine/pkg/api/mcp.go:457.29,459.47 1 1
github.com/rmcguinness/gemini_task_engine/pkg/api/mcp.go:459.47,460.80 1 0
github.com/rmcguinness/gemini_task_engine/pkg/api/mcp.go:460.80,461.13 1 0
github.com/rmcguinness/gemini_task_engine/pkg/api/mcp.go:466.3,466.55 1 1
github.com/rmcguinness/gemini_task_engine/pkg/api/mcp.go:466.55,467.70 1 0
github.com/rmcguinness/gemini_task_engine/pkg/api/mcp.go:467.70,468.13 1 0
github.com/rmcguinness/gemini_task_engine/pkg/api/mcp.go:473.3,473.55 1 1
github.com/rmcguinness/gemini_task_engine/pkg/api/mcp.go:473.55,475.32 2 0
github.com/rmcguinness/gemini_task_engine/pkg/api/mcp.go:475.32,476.13 1 0
github.com/rmcguinness/gemini_task_engine/pkg/api/mcp.go:478.4,482.82 5 0
github.com/rmcguinness/gemini_task_engine/pkg/api/mcp.go:482.82,484.5 1 0
github.com/rmcguinness/gemini_task_engine/pkg/api/mcp.go:484.10,486.32 2 0
github.com/rmcguinness/gemini_task_engine/pkg/api/mcp.go:486.32,487.82 1 0
github.com/rmcguinness/gemini_task_engine/pkg/api/mcp.go:487.82,488.15 1 0
github.com/rmcguinness/gemini_task_engine/pkg/api/mcp.go:490.6,490.78 1 0
github.com/rmcguinness/gemini_task_engine/pkg/api/mcp.go:490.78,492.12 2 0
github.com/rmcguinness/gemini_task_engine/pkg/api/mcp.go:496.4,496.16 1 0
github.com/rmcguinness/gemini_task_engine/pkg/api/mcp.go:496.16,497.13 1 0
github.com/rmcguinness/gemini_task_engine/pkg/api/mcp.go:501.3,501.46 1 1
github.com/rmcguinness/gemini_task_engine/pkg/api/mcp.go:505.2,505.49 1 1
github.com/rmcguinness/gemini_task_engine/pkg/api/mcp.go:505.49,507.38 2 0
github.com/rmcguinness/gemini_task_engine/pkg/api/mcp.go:507.38,509.30 2 0
github.com/rmcguinness/gemini_task_engine/pkg/api/mcp.go:509.30,511.37 2 0
github.com/rmcguinness/gemini_task_engine/pkg/api/mcp.go:511.37,513.6 1 0
github.com/rmcguinness/gemini_task_engine/pkg/api/mcp.go:513.11,515.6 1 0
github.com/rmcguinness/gemini_task_engine/pkg/api/mcp.go:517.4,524.6 1 0
github.com/rmcguinness/gemini_task_engine/pkg/api/mcp.go:526.3,527.17 2 0
github.com/rmcguinness/gemini_task_engine/pkg/api/mcp.go:527.17,529.4 1 0
github.com/rmcguinness/gemini_task_engine/pkg/api/mcp.go:530.3,530.72 1 0
github.com/rmcguinness/gemini_task_engine/pkg/api/mcp.go:534.2,534.50 1 1
github.com/rmcguinness/gemini_task_engine/pkg/api/mcp.go:534.50,536.17 2 0
github.com/rmcguinness/gemini_task_engine/pkg/api/mcp.go:536.17,538.4 1 0
github.com/rmcguinness/gemini_task_engine/pkg/api/mcp.go:539.3,539.66 1 0
github.com/rmcguinness/gemini_task_engine/pkg/api/mcp.go:542.2,543.37 2 1
github.com/rmcguinness/gemini_task_engine/pkg/api/mcp.go:543.37,545.36 2 1
github.com/rmcguinness/gemini_task_engine/pkg/api/mcp.go:545.36,547.4 1 0
github.com/rmcguinness/gemini_task_engine/pkg/api/mcp.go:548.3,548.29 1 1
github.com/rmcguinness/gemini_task_engine/pkg/api/mcp.go:548.29,550.4 1 0
github.com/rmcguinness/gemini_task_engine/pkg/api/mcp.go:551.3,551.29 1 1
github.com/rmcguinness/gemini_task_engine/pkg/api/mcp.go:551.29,553.4 1 1
github.com/rmcguinness/gemini_task_engine/pkg/api/mcp.go:554.3,554.17 1 1
github.com/rmcguinness/gemini_task_engine/pkg/api/mcp.go:556.2,556.18 1 1
github.com/rmcguinness/gemini_task_engine/pkg/api/mcp.go:556.18,558.3 1 0
github.com/rmcguinness/gemini_task_engine/pkg/api/mcp.go:560.2,560.61 1 1
github.com/rmcguinness/gemini_task_engine/pkg/api/mcp.go:563.107,564.48 1 0
github.com/rmcguinness/gemini_task_engine/pkg/api/mcp.go:564.48,566.3 1 0
github.com/rmcguinness/gemini_task_engine/pkg/api/mcp.go:567.2,568.16 2 0
github.com/rmcguinness/gemini_task_engine/pkg/api/mcp.go:568.16,570.3 1 0
github.com/rmcguinness/gemini_task_engine/pkg/api/mcp.go:571.2,571.31 1 0
github.com/rmcguinness/gemini_task_engine/pkg/api/mcp.go:571.31,572.28 1 0
github.com/rmcguinness/gemini_task_engine/pkg/api/mcp.go:572.28,574.4 1 0
github.com/rmcguinness/gemini_task_engine/pkg/api/mcp.go:576.2,576.14 1 0
github.com/rmcguinness/gemini_task_engine/pkg/api/mcp.go:579.135,582.29 2 0
github.com/rmcguinness/gemini_task_engine/pkg/api/mcp.go:582.29,584.27 2 0
github.com/rmcguinness/gemini_task_engine/pkg/api/mcp.go:584.27,586.25 2 0
github.com/rmcguinness/gemini_task_engine/pkg/api/mcp.go:586.25,588.5 1 0
github.com/rmcguinness/gemini_task_engine/pkg/api/mcp.go:592.3,626.33 4 0
github.com/rmcguinness/gemini_task_engine/pkg/api/mcp.go:626.33,627.60 1 0
github.com/rmcguinness/gemini_task_engine/pkg/api/mcp.go:627.60,629.33 1 0
github.com/rmcguinness/gemini_task_engine/pkg/api/mcp.go:629.33,647.6 1 0
github.com/rmcguinness/gemini_task_engine/pkg/api/mcp.go:647.11,647.44 1 0
github.com/rmcguinness/gemini_task_engine/pkg/api/mcp.go:647.44,665.6 1 0
github.com/rmcguinness/gemini_task_engine/pkg/api/mcp.go:666.10,668.69 1 0
github.com/rmcguinness/gemini_task_engine/pkg/api/mcp.go:668.69,670.58 2 0
github.com/rmcguinness/gemini_task_engine/pkg/api/mcp.go:670.58,672.7 1 0
github.com/rmcguinness/gemini_task_engine/pkg/api/mcp.go:672.12,674.7 1 0
github.com/rmcguinness/gemini_task_engine/pkg/api/mcp.go:675.6,683.8 1 0
github.com/rmcguinness/gemini_task_engine/pkg/api/mcp.go:688.3,688.24 1 0
github.com/rmcguinness/gemini_task_engine/pkg/api/mcp.go:688.24,690.4 1 0
github.com/rmcguinness/gemini_task_engine/pkg/api/mcp.go:690.9,690.30 1 0
github.com/rmcguinness/gemini_task_engine/pkg/api/mcp.go:690.30,698.4 1 0
github.com/rmcguinness/gemini_task_engine/pkg/api/mcp.go:700.3,700.42 1 0
github.com/rmcguinness/gemini_task_engine/pkg/api/mcp.go:704.2,719.16 4 0
github.com/rmcguinness/gemini_task_engine/pkg/api/mcp.go:719.16,721.3 1 0
github.com/rmcguinness/gemini_task_engine/pkg/api/mcp.go:723.2,723.31 1 0
github.com/rmcguinness/gemini_task_engine/pkg/api/mcp.go:726.114,728.18 2 0
github.com/rmcguinness/gemini_task_engine/pkg/api/mcp.go:728.18,730.3 1 0
github.com/rmcguinness/gemini_task_engine/pkg/api/mcp.go:731.2,732.16 2 0
github.com/rmcguinness/gemini_task_engine/pkg/api/mcp.go:732.16,734.3 1 0
github.com/rmcguinness/gemini_task_engine/pkg/api/mcp.go:735.2,735.125 1 0
github.com/rmcguinness/gemini_task_engine/pkg/api/mcp.go:738.112,740.18 2 0
github.com/rmcguinness/gemini_task_engine/pkg/api/mcp.go:740.18,742.3 1 0
github.com/rmcguinness/gemini_task_engine/pkg/api/mcp.go:743.2,744.16 2 0
github.com/rmcguinness/gemini_task_engine/pkg/api/mcp.go:744.16,746.3 1 0
github.com/rmcguinness/gemini_task_engine/pkg/api/mcp.go:747.2,747.110 1 0
github.com/rmcguinness/gemini_task_engine/pkg/api/mcp.go:750.110,752.18 2 0
github.com/rmcguinness/gemini_task_engine/pkg/api/mcp.go:752.18,754.3 1 0
github.com/rmcguinness/gemini_task_engine/pkg/api/mcp.go:755.2,756.16 2 0
github.com/rmcguinness/gemini_task_engine/pkg/api/mcp.go:756.16,758.3 1 0
github.com/rmcguinness/gemini_task_engine/pkg/api/mcp.go:759.2,759.146 1 0
github.com/rmcguinness/gemini_task_engine/pkg/api/mcp.go:762.110,764.18 2 0
github.com/rmcguinness/gemini_task_engine/pkg/api/mcp.go:764.18,766.3 1 0
github.com/rmcguinness/gemini_task_engine/pkg/api/mcp.go:767.2,768.16 2 0
github.com/rmcguinness/gemini_task_engine/pkg/api/mcp.go:768.16,770.3 1 0
github.com/rmcguinness/gemini_task_engine/pkg/api/mcp.go:771.2,771.144 1 0
github.com/rmcguinness/gemini_task_engine/pkg/api/mcp.go:774.104,778.16 4 0
github.com/rmcguinness/gemini_task_engine/pkg/api/mcp.go:778.16,780.3 1 0
github.com/rmcguinness/gemini_task_engine/pkg/api/mcp.go:781.2,782.31 2 0
github.com/rmcguinness/gemini_task_engine/pkg/api/mcp.go:782.31,784.3 1 0
github.com/rmcguinness/gemini_task_engine/pkg/api/mcp.go:785.2,785.18 1 0
github.com/rmcguinness/gemini_task_engine/pkg/api/mcp.go:785.18,787.3 1 0
github.com/rmcguinness/gemini_task_engine/pkg/api/mcp.go:788.2,788.61 1 0
github.com/rmcguinness/gemini_task_engine/pkg/api/mcp.go:791.112,793.16 2 1
github.com/rmcguinness/gemini_task_engine/pkg/api/mcp.go:793.16,795.3 1 1
github.com/rmcguinness/gemini_task_engine/pkg/api/mcp.go:796.2,797.61 2 1
github.com/rmcguinness/gemini_task_engine/pkg/api/mcp.go:800.116,802.18 2 1
github.com/rmcguinness/gemini_task_engine/pkg/api/mcp.go:802.18,804.3 1 1
github.com/rmcguinness/gemini_task_engine/pkg/api/mcp.go:806.2,807.16 2 1
github.com/rmcguinness/gemini_task_engine/pkg/api/mcp.go:807.16,809.3 1 0
github.com/rmcguinness/gemini_task_engine/pkg/api/mcp.go:811.2,813.31 3 1
github.com/rmcguinness/gemini_task_engine/pkg/api/mcp.go:813.31,815.24 2 1
github.com/rmcguinness/gemini_task_engine/pkg/api/mcp.go:815.24,817.4 1 0
github.com/rmcguinness/gemini_task_engine/pkg/api/mcp.go:820.2,821.39 2 1
github.com/rmcguinness/gemini_task_engine/pkg/api/mcp.go:821.39,826.3 1 1
github.com/rmcguinness/gemini_task_engine/pkg/api/mcp.go:828.2,829.13 2 1
github.com/rmcguinness/gemini_task_engine/pkg/api/mcp.go:829.13,831.17 2 0
github.com/rmcguinness/gemini_task_engine/pkg/api/mcp.go:831.17,832.34 1 0
github.com/rmcguinness/gemini_task_engine/pkg/api/mcp.go:832.34,838.5 1 0
github.com/rmcguinness/gemini_task_engine/pkg/api/mcp.go:841.2,841.21 1 1
github.com/rmcguinness/gemini_task_engine/pkg/api/mcp.go:841.21,842.32 1 1
github.com/rmcguinness/gemini_task_engine/pkg/api/mcp.go:842.32,848.4 1 1
github.com/rmcguinness/gemini_task_engine/pkg/api/mcp.go:851.2,861.16 3 1
github.com/rmcguinness/gemini_task_engine/pkg/api/mcp.go:861.16,863.3 1 0
github.com/rmcguinness/gemini_task_engine/pkg/api/mcp.go:865.2,865.72 1 1
github.com/rmcguinness/gemini_task_engine/pkg/api/mcp.go:873.106,875.18 2 0
github.com/rmcguinness/gemini_task_engine/pkg/api/mcp.go:875.18,877.3 1 0
github.com/rmcguinness/gemini_task_engine/pkg/api/mcp.go:879.2,880.16 2 0
github.com/rmcguinness/gemini_task_engine/pkg/api/mcp.go:880.16,882.3 1 0
github.com/rmcguinness/gemini_task_engine/pkg/api/mcp.go:884.2,885.31 2 0
github.com/rmcguinness/gemini_task_engine/pkg/api/mcp.go:885.31,887.3 1 0
github.com/rmcguinness/gemini_task_engine/pkg/api/mcp.go:889.2,890.16 2 0
github.com/rmcguinness/gemini_task_engine/pkg/api/mcp.go:890.16,892.3 1 0
github.com/rmcguinness/gemini_task_engine/pkg/api/mcp.go:895.2,895.108 1 0
github.com/rmcguinness/gemini_task_engine/pkg/api/mcp.go:905.120,907.18 2 0
github.com/rmcguinness/gemini_task_engine/pkg/api/mcp.go:907.18,909.3 1 0
github.com/rmcguinness/gemini_task_engine/pkg/api/mcp.go:911.2,912.16 2 0
github.com/rmcguinness/gemini_task_engine/pkg/api/mcp.go:912.16,914.3 1 0
github.com/rmcguinness/gemini_task_engine/pkg/api/mcp.go:917.2,917.108 1 0
github.com/rmcguinness/gemini_task_engine/pkg/api/mcp.go:922.122,924.18 2 0
github.com/rmcguinness/gemini_task_engine/pkg/api/mcp.go:924.18,926.3 1 0
github.com/rmcguinness/gemini_task_engine/pkg/api/mcp.go:928.2,929.16 2 0
github.com/rmcguinness/gemini_task_engine/pkg/api/mcp.go:929.16,931.3 1 0
github.com/rmcguinness/gemini_task_engine/pkg/api/mcp.go:933.2,934.16 2 0
github.com/rmcguinness/gemini_task_engine/pkg/api/mcp.go:934.16,936.3 1 0
github.com/rmcguinness/gemini_task_engine/pkg/api/mcp.go:938.2,938.72 1 0
github.com/rmcguinness/gemini_task_engine/pkg/api/mcp.go:941.114,944.54 2 0
github.com/rmcguinness/gemini_task_engine/pkg/api/mcp.go:944.54,946.3 1 0
github.com/rmcguinness/gemini_task_engine/pkg/api/mcp.go:946.8,946.61 1 0
github.com/rmcguinness/gemini_task_engine/pkg/api/mcp.go:946.61,948.3 1 0
github.com/rmcguinness/gemini_task_engine/pkg/api/mcp.go:950.2,970.44 5 0
github.com/rmcguinness/gemini_task_engine/pkg/api/mcp.go:970.44,973.31 2 0
github.com/rmcguinness/gemini_task_engine/pkg/api/mcp.go:973.31,981.150 5 0
github.com/rmcguinness/gemini_task_engine/pkg/api/mcp.go:981.150,983.29 2 0
github.com/rmcguinness/gemini_task_engine/pkg/api/mcp.go:983.29,985.6 1 0
github.com/rmcguinness/gemini_task_engine/pkg/api/mcp.go:985.11,985.37 1 0
github.com/rmcguinness/gemini_task_engine/pkg/api/mcp.go:985.37,988.6 2 0
github.com/rmcguinness/gemini_task_engine/pkg/api/mcp.go:988.11,991.6 2 0
github.com/rmcguinness/gemini_task_engine/pkg/api/mcp.go:992.10,992.171 1 0
github.com/rmcguinness/gemini_task_engine/pkg/api/mcp.go:992.171,994.29 2 0
github.com/rmcguinness/gemini_task_engine/pkg/api/mcp.go:994.29,996.6 1 0
github.com/rmcguinness/gemini_task_engine/pkg/api/mcp.go:996.11,996.37 1 0
github.com/rmcguinness/gemini_task_engine/pkg/api/mcp.go:996.37,999.6 2 0
github.com/rmcguinness/gemini_task_engine/pkg/api/mcp.go:999.11,1002.6 2 0
github.com/rmcguinness/gemini_task_engine/pkg/api/mcp.go:1003.10,1003.153 1 0
github.com/rmcguinness/gemini_task_engine/pkg/api/mcp.go:1003.153,1005.29 2 0
github.com/rmcguinness/gemini_task_engine/pkg/api/mcp.go:1005.29,1007.6 1 0
github.com/rmcguinness/gemini_task_engine/pkg/api/mcp.go:1007.11,1007.37 1 0
github.com/rmcguinness/gemini_task_engine/pkg/api/mcp.go:1007.37,1010.6 2 0
github.com/rmcguinness/gemini_task_engine/pkg/api/mcp.go:1010.11,1013.6 2 0
github.com/rmcguinness/gemini_task_engine/pkg/api/mcp.go:1014.10,1014.157 1 0
github.com/rmcguinness/gemini_task_engine/pkg/api/mcp.go:1014.157,1016.29 2 0
github.com/rmcguinness/gemini_task_engine/pkg/api/mcp.go:1016.29,1018.6 1 0
github.com/rmcguinness/gemini_task_engine/pkg/api/mcp.go:1018.11,1018.37 1 0
github.com/rmcguinness/gemini_task_engine/pkg/api/mcp.go:1018.37,1021.6 2 0
github.com/rmcguinness/gemini_task_engine/pkg/api/mcp.go:1021.11,1024.6 2 0
github.com/rmcguinness/gemini_task_engine/pkg/api/mcp.go:1025.10,1025.152 1 0
github.com/rmcguinness/gemini_task_engine/pkg/api/mcp.go:1025.152,1027.29 2 0
github.com/rmcguinness/gemini_task_engine/pkg/api/mcp.go:1027.29,1029.6 1 0
github.com/rmcguinness/gemini_task_engine/pkg/api/mcp.go:1029.11,1029.37 1 0
github.com/rmcguinness/gemini_task_engine/pkg/api/mcp.go:1029.37,1032.6 2 0
github.com/rmcguinness/gemini_task_engine/pkg/api/mcp.go:1032.11,1035.6 2 0
github.com/rmcguinness/gemini_task_engine/pkg/api/mcp.go:1036.10,1040.5 2 0
github.com/rmcguinness/gemini_task_engine/pkg/api/mcp.go:1042.4,1046.5 1 0
github.com/rmcguinness/gemini_task_engine/pkg/api/mcp.go:1050.2,1064.16 4 0
github.com/rmcguinness/gemini_task_engine/pkg/api/mcp.go:1064.16,1066.3 1 0
github.com/rmcguinness/gemini_task_engine/pkg/api/mcp.go:1069.2,1070.60 2 0
github.com/rmcguinness/gemini_task_engine/pkg/api/mcp.go:1070.60,1072.66 2 0
github.com/rmcguinness/gemini_task_engine/pkg/api/mcp.go:1072.66,1074.4 1 0
github.com/rmcguinness/gemini_task_engine/pkg/api/mcp.go:1077.2,1077.31 1 0
github.com/rmcguinness/gemini_task_engine/pkg/api/mcp.go:1080.120,1082.18 2 0
github.com/rmcguinness/gemini_task_engine/pkg/api/mcp.go:1082.18,1084.3 1 0
github.com/rmcguinness/gemini_task_engine/pkg/api/mcp.go:1086.2,1086.50 1 0
github.com/rmcguinness/gemini_task_engine/pkg/api/mcp.go:1086.50,1088.17 2 0
github.com/rmcguinness/gemini_task_engine/pkg/api/mcp.go:1088.17,1090.4 1 0
github.com/rmcguinness/gemini_task_engine/pkg/api/mcp.go:1091.3,1091.64 1 0
github.com/rmcguinness/gemini_task_engine/pkg/api/mcp.go:1094.2,1095.16 2 0
github.com/rmcguinness/gemini_task_engine/pkg/api/mcp.go:1095.16,1097.3 1 0
github.com/rmcguinness/gemini_task_engine/pkg/api/mcp.go:1099.2,1100.30 2 0
github.com/rmcguinness/gemini_task_engine/pkg/api/mcp.go:1100.30,1102.3 1 0
github.com/rmcguinness/gemini_task_engine/pkg/api/mcp.go:1103.2,1103.18 1 0
github.com/rmcguinness/gemini_task_engine/pkg/api/mcp.go:1103.18,1105.3 1 0
github.com/rmcguinness/gemini_task_engine/pkg/api/mcp.go:1106.2,1106.61 1 0
github.com/rmcguinness/gemini_task_engine/pkg/api/mcp.go:1111.46,1112.38 1 1
github.com/rmcguinness/gemini_task_engine/pkg/api/mcp.go:1112.38,1115.76 1 1
github.com/rmcguinness/gemini_task_engine/pkg/api/mcp.go:1115.76,1120.4 1 0
github.com/rmcguinness/gemini_task_engine/pkg/api/mcp.go:1122.3,1123.17 2 1
github.com/rmcguinness/gemini_task_engine/pkg/api/mcp.go:1123.17,1125.4 1 0
github.com/rmcguinness/gemini_task_engine/pkg/api/mcp.go:1127.2,1127.12 1 1
github.com/rmcguinness/gemini_task_engine/pkg/api/mcp.go:1130.145,1132.54 2 0
github.com/rmcguinness/gemini_task_engine/pkg/api/mcp.go:1132.54,1134.3 1 0
github.com/rmcguinness/gemini_task_engine/pkg/api/mcp.go:1134.8,1134.61 1 0
github.com/rmcguinness/gemini_task_engine/pkg/api/mcp.go:1134.61,1136.3 1 0
github.com/rmcguinness/gemini_task_engine/pkg/api/mcp.go:1139.2,1139.28 1 0
github.com/rmcguinness/gemini_task_engine/pkg/api/mcp.go:1139.28,1141.20 2 0
github.com/rmcguinness/gemini_task_engine/pkg/api/mcp.go:1141.20,1143.4 1 0
github.com/rmcguinness/gemini_task_engine/pkg/api/mcp.go:1147.2,1148.23 2 0
github.com/rmcguinness/gemini_task_engine/pkg/api/mcp.go:1151.104,1157.73 5 0
github.com/rmcguinness/gemini_task_engine/pkg/api/mcp.go:1157.73,1160.27 3 0
github.com/rmcguinness/gemini_task_engine/pkg/api/mcp.go:1160.27,1162.4 1 0
github.com/rmcguinness/gemini_task_engine/pkg/api/mcp.go:1162.9,1162.35 1 0
github.com/rmcguinness/gemini_task_engine/pkg/api/mcp.go:1162.35,1165.4 2 0
github.com/rmcguinness/gemini_task_engine/pkg/api/mcp.go:1165.9,1168.4 2 0
github.com/rmcguinness/gemini_task_engine/pkg/api/mcp.go:1169.8,1169.122 1 0
github.com/rmcguinness/gemini_task_engine/pkg/api/mcp.go:1169.122,1172.27 3 0
github.com/rmcguinness/gemini_task_engine/pkg/api/mcp.go:1172.27,1174.4 1 0
github.com/rmcguinness/gemini_task_engine/pkg/api/mcp.go:1174.9,1174.35 1 0
github.com/rmcguinness/gemini_task_engine/pkg/api/mcp.go:1174.35,1177.4 2 0
github.com/rmcguinness/gemini_task_engine/pkg/api/mcp.go:1177.9,1180.4 2 0
github.com/rmcguinness/gemini_task_engine/pkg/api/mcp.go:1181.8,1181.271 1 0
github.com/rmcguinness/gemini_task_engine/pkg/api/mcp.go:1181.271,1184.27 3 0
github.com/rmcguinness/gemini_task_engine/pkg/api/mcp.go:1184.27,1186.4 1 0
github.com/rmcguinness/gemini_task_engine/pkg/api/mcp.go:1186.9,1186.35 1 0
github.com/rmcguinness/gemini_task_engine/pkg/api/mcp.go:1186.35,1189.4 2 0
github.com/rmcguinness/gemini_task_engine/pkg/api/mcp.go:1189.9,1192.4 2 0
github.com/rmcguinness/gemini_task_engine/pkg/api/mcp.go:1193.8,1193.241 1 0
github.com/rmcguinness/gemini_task_engine/pkg/api/mcp.go:1193.241,1196.27 3 0
github.com/rmcguinness/gemini_task_engine/pkg/api/mcp.go:1196.27,1198.4 1 0
github.com/rmcguinness/gemini_task_engine/pkg/api/mcp.go:1198.9,1198.35 1 0
github.com/rmcguinness/gemini_task_engine/pkg/api/mcp.go:1198.35,1201.4 2 0
github.com/rmcguinness/gemini_task_engine/pkg/api/mcp.go:1201.9,1204.4 2 0
github.com/rmcguinness/gemini_task_engine/pkg/api/mcp.go:1205.8,1205.193 1 0
github.com/rmcguinness/gemini_task_engine/pkg/api/mcp.go:1205.193,1208.27 3 0
github.com/rmcguinness/gemini_task_engine/pkg/api/mcp.go:1208.27,1210.4 1 0
github.com/rmcguinness/gemini_task_engine/pkg/api/mcp.go:1210.9,1210.35 1 0
github.com/rmcguinness/gemini_task_engine/pkg/api/mcp.go:1210.35,1213.4 2 0
github.com/rmcguinness/gemini_task_engine/pkg/api/mcp.go:1213.9,1216.4 2 0
github.com/rmcguinness/gemini_task_engine/pkg/api/mcp.go:1219.2,1219.13 1 0
github.com/rmcguinness/gemini_task_engine/pkg/api/mcp.go:1219.13,1225.3 1 0
github.com/rmcguinness/gemini_task_engine/pkg/api/mcp.go:1226.2,1226.12 1 0
github.com/rmcguinness/gemini_task_engine/pkg/api/mcp.go:1229.116,1231.16 2 0
github.com/rmcguinness/gemini_task_engine/pkg/api/mcp.go:1231.16,1233.3 1 0
github.com/rmcguinness/gemini_task_engine/pkg/api/mcp.go:1235.2,1245.34 3 0
github.com/rmcguinness/gemini_task_engine/pkg/api/mcp.go:1245.34,1247.3 1 0
github.com/rmcguinness/gemini_task_engine/pkg/api/mcp.go:1249.2,1250.26 2 0
github.com/rmcguinness/gemini_task_engine/pkg/api/mcp.go:1250.26,1252.24 2 0
github.com/rmcguinness/gemini_task_engine/pkg/api/mcp.go:1252.24,1254.4 1 0
github.com/rmcguinness/gemini_task_engine/pkg/api/mcp.go:1257.2,1257.49 1 0
github.com/rmcguinness/gemini_task_engine/pkg/api/mcp.go:1257.49,1259.27 2 0
github.com/rmcguinness/gemini_task_engine/pkg/api/mcp.go:1259.27,1267.31 6 0
github.com/rmcguinness/gemini_task_engine/pkg/api/mcp.go:1268.48,1269.20 1 0
github.com/rmcguinness/gemini_task_engine/pkg/api/mcp.go:1269.20,1275.6 5 0
github.com/rmcguinness/gemini_task_engine/pkg/api/mcp.go:1275.11,1275.27 1 0
github.com/rmcguinness/gemini_task_engine/pkg/api/mcp.go:1275.27,1281.6 5 0
github.com/rmcguinness/gemini_task_engine/pkg/api/mcp.go:1281.11,1281.27 1 0
github.com/rmcguinness/gemini_task_engine/pkg/api/mcp.go:1281.27,1287.6 5 0
github.com/rmcguinness/gemini_task_engine/pkg/api/mcp.go:1288.48,1289.20 1 0
github.com/rmcguinness/gemini_task_engine/pkg/api/mcp.go:1289.20,1295.6 5 0
github.com/rmcguinness/gemini_task_engine/pkg/api/mcp.go:1295.11,1295.27 1 0
github.com/rmcguinness/gemini_task_engine/pkg/api/mcp.go:1295.27,1301.6 5 0
github.com/rmcguinness/gemini_task_engine/pkg/api/mcp.go:1301.11,1301.27 1 0
github.com/rmcguinness/gemini_task_engine/pkg/api/mcp.go:1301.27,1307.6 5 0
github.com/rmcguinness/gemini_task_engine/pkg/api/mcp.go:1308.48,1309.20 1 0
github.com/rmcguinness/gemini_task_engine/pkg/api/mcp.go:1309.20,1315.6 5 0
github.com/rmcguinness/gemini_task_engine/pkg/api/mcp.go:1315.11,1315.27 1 0
github.com/rmcguinness/gemini_task_engine/pkg/api/mcp.go:1315.27,1321.6 5 0
github.com/rmcguinness/gemini_task_engine/pkg/api/mcp.go:1321.11,1321.27 1 0
github.com/rmcguinness/gemini_task_engine/pkg/api/mcp.go:1321.27,1327.6 5 0
github.com/rmcguinness/gemini_task_engine/pkg/api/mcp.go:1327.11,1327.27 1 0
github.com/rmcguinness/gemini_task_engine/pkg/api/mcp.go:1327.27,1333.6 5 0
github.com/rmcguinness/gemini_task_engine/pkg/api/mcp.go:1334.48,1335.20 1 0
github.com/rmcguinness/gemini_task_engine/pkg/api/mcp.go:1335.20,1341.6 5 0
github.com/rmcguinness/gemini_task_engine/pkg/api/mcp.go:1341.11,1341.27 1 0
github.com/rmcguinness/gemini_task_engine/pkg/api/mcp.go:1341.27,1347.6 5 0
github.com/rmcguinness/gemini_task_engine/pkg/api/mcp.go:1347.11,1347.27 1 0
github.com/rmcguinness/gemini_task_engine/pkg/api/mcp.go:1347.27,1353.6 5 0
github.com/rmcguinness/gemini_task_engine/pkg/api/mcp.go:1356.4,1357.20 2 0
github.com/rmcguinness/gemini_task_engine/pkg/api/mcp.go:1357.20,1359.20 2 0
github.com/rmcguinness/gemini_task_engine/pkg/api/mcp.go:1359.20,1361.6 1 0
github.com/rmcguinness/gemini_task_engine/pkg/api/mcp.go:1364.4,1374.6 1 0
github.com/rmcguinness/gemini_task_engine/pkg/api/mcp.go:1377.3,1378.27 2 0
github.com/rmcguinness/gemini_task_engine/pkg/api/mcp.go:1378.27,1380.4 1 0
github.com/rmcguinness/gemini_task_engine/pkg/api/mcp.go:1382.3,1392.71 3 0
github.com/rmcguinness/gemini_task_engine/pkg/api/mcp.go:1396.2,1400.16 3 0
github.com/rmcguinness/gemini_task_engine/pkg/api/mcp.go:1400.16,1402.3 1 0
github.com/rmcguinness/gemini_task_engine/pkg/api/mcp.go:1403.2,1435.29 5 0
github.com/rmcguinness/gemini_task_engine/pkg/api/mcp.go:1435.29,1438.35 3 0
github.com/rmcguinness/gemini_task_engine/pkg/api/mcp.go:1438.35,1441.4 2 0
github.com/rmcguinness/gemini_task_engine/pkg/api/mcp.go:1441.9,1441.37 1 0
github.com/rmcguinness/gemini_task_engine/pkg/api/mcp.go:1441.37,1444.4 2 0
github.com/rmcguinness/gemini_task_engine/pkg/api/mcp.go:1444.9,1444.58 1 0
github.com/rmcguinness/gemini_task_engine/pkg/api/mcp.go:1444.58,1447.4 2 0
github.com/rmcguinness/gemini_task_engine/pkg/api/mcp.go:1449.3,1450.20 2 0
github.com/rmcguinness/gemini_task_engine/pkg/api/mcp.go:1450.20,1452.4 1 0
github.com/rmcguinness/gemini_task_engine/pkg/api/mcp.go:1453.3,1455.106 2 0
github.com/rmcguinness/gemini_task_engine/pkg/api/mcp.go:1455.106,1458.53 2 0
github.com/rmcguinness/gemini_task_engine/pkg/api/mcp.go:1458.53,1475.5 3 0
github.com/rmcguinness/gemini_task_engine/pkg/api/mcp.go:1475.10,1475.43 1 0
github.com/rmcguinness/gemini_task_engine/pkg/api/mcp.go:1475.43,1509.5 5 0
github.com/rmcguinness/gemini_task_engine/pkg/api/mcp.go:1509.10,1509.38 1 0
github.com/rmcguinness/gemini_task_engine/pkg/api/mcp.go:1509.38,1527.5 3 0
github.com/rmcguinness/gemini_task_engine/pkg/api/mcp.go:1529.4,1547.28 2 0
github.com/rmcguinness/gemini_task_engine/pkg/api/mcp.go:1547.28,1548.30 1 0
github.com/rmcguinness/gemini_task_engine/pkg/api/mcp.go:1548.30,1550.6 1 0
github.com/rmcguinness/gemini_task_engine/pkg/api/mcp.go:1550.11,1558.6 1 0
github.com/rmcguinness/gemini_task_engine/pkg/api/mcp.go:1561.4,1565.6 1 0
github.com/rmcguinness/gemini_task_engine/pkg/api/mcp.go:1566.9,1583.4 1 0
github.com/rmcguinness/gemini_task_engine/pkg/api/mcp.go:1588.2,1590.32 2 0
github.com/rmcguinness/gemini_task_engine/pkg/api/mcp.go:1590.32,1591.25 1 0
github.com/rmcguinness/gemini_task_engine/pkg/api/mcp.go:1591.25,1593.32 1 0
github.com/rmcguinness/gemini_task_engine/pkg/api/mcp.go:1593.32,1611.5 1 0
github.com/rmcguinness/gemini_task_engine/pkg/api/mcp.go:1611.10,1611.43 1 0
github.com/rmcguinness/gemini_task_engine/pkg/api/mcp.go:1611.43,1629.5 1 0
github.com/rmcguinness/gemini_task_engine/pkg/api/mcp.go:1629.10,1629.38 1 0
github.com/rmcguinness/gemini_task_engine/pkg/api/mcp.go:1629.38,1647.5 1 0
github.com/rmcguinness/gemini_task_engine/pkg/api/mcp.go:1648.9,1650.68 1 0
github.com/rmcguinness/gemini_task_engine/pkg/api/mcp.go:1650.68,1652.57 2 0
github.com/rmcguinness/gemini_task_engine/pkg/api/mcp.go:1652.57,1654.6 1 0
github.com/rmcguinness/gemini_task_engine/pkg/api/mcp.go:1654.11,1656.6 1 0
github.com/rmcguinness/gemini_task_engine/pkg/api/mcp.go:1657.5,1665.7 1 0
github.com/rmcguinness/gemini_task_engine/pkg/api/mcp.go:1670.2,1670.23 1 0
github.com/rmcguinness/gemini_task_engine/pkg/api/mcp.go:1670.23,1672.3 1 0
github.com/rmcguinness/gemini_task_engine/pkg/api/mcp.go:1672.8,1672.29 1 0
github.com/rmcguinness/gemini_task_engine/pkg/api/mcp.go:1672.29,1680.3 1 0
github.com/rmcguinness/gemini_task_engine/pkg/api/mcp.go:1683.2,1684.29 2 0
github.com/rmcguinness/gemini_task_engine/pkg/api/mcp.go:1684.29,1685.22 1 0
github.com/rmcguinness/gemini_task_engine/pkg/api/mcp.go:1685.22,1687.9 2 0
github.com/rmcguinness/gemini_task_engine/pkg/api/mcp.go:1692.2,1693.32 2 0
github.com/rmcguinness/gemini_task_engine/pkg/api/mcp.go:1693.32,1695.20 2 0
github.com/rmcguinness/gemini_task_engine/pkg/api/mcp.go:1695.20,1701.4 1 0
github.com/rmcguinness/gemini_task_engine/pkg/api/mcp.go:1704.2,1713.16 4 0
github.com/rmcguinness/gemini_task_engine/pkg/api/mcp.go:1713.16,1715.3 1 0
github.com/rmcguinness/gemini_task_engine/pkg/api/mcp.go:1717.2,1718.65 2 0
github.com/rmcguinness/gemini_task_engine/pkg/api/mcp.go:1725.108,1727.19 2 0
github.com/rmcguinness/gemini_task_engine/pkg/api/mcp.go:1727.19,1729.3 1 0
github.com/rmcguinness/gemini_task_engine/pkg/api/mcp.go:1731.2,1753.16 5 0
github.com/rmcguinness/gemini_task_engine/pkg/api/mcp.go:1753.16,1755.3 1 0
github.com/rmcguinness/gemini_task_engine/pkg/api/mcp.go:1757.2,1757.72 1 0
github.com/rmcguinness/gemini_task_engine/pkg/api/mcp.go:1762.120,1764.18 2 0
github.com/rmcguinness/gemini_task_engine/pkg/api/mcp.go:1764.18,1766.3 1 0
github.com/rmcguinness/gemini_task_engine/pkg/api/mcp.go:1768.2,1769.16 2 0
github.com/rmcguinness/gemini_task_engine/pkg/api/mcp.go:1769.16,1771.3 1 0
github.com/rmcguinness/gemini_task_engine/pkg/api/mcp.go:1773.2,1775.31 3 0
github.com/rmcguinness/gemini_task_engine/pkg/api/mcp.go:1775.31,1776.24 1 0
github.com/rmcguinness/gemini_task_engine/pkg/api/mcp.go:1776.24,1778.9 2 0
github.com/rmcguinness/gemini_task_engine/pkg/api/mcp.go:1782.2,1782.13 1 0
github.com/rmcguinness/gemini_task_engine/pkg/api/mcp.go:1782.13,1784.17 2 0
github.com/rmcguinness/gemini_task_engine/pkg/api/mcp.go:1784.17,1785.34 1 0
github.com/rmcguinness/gemini_task_engine/pkg/api/mcp.go:1785.34,1791.5 1 0
github.com/rmcguinness/gemini_task_engine/pkg/api/mcp.go:1794.2,1794.21 1 0
github.com/rmcguinness/gemini_task_engine/pkg/api/mcp.go:1794.21,1795.32 1 0
github.com/rmcguinness/gemini_task_engine/pkg/api/mcp.go:1795.32,1801.4 1 0
github.com/rmcguinness/gemini_task_engine/pkg/api/mcp.go:1804.2,1805.26 2 0
github.com/rmcguinness/gemini_task_engine/pkg/api/mcp.go:1805.26,1816.3 1 0
github.com/rmcguinness/gemini_task_engine/pkg/api/mcp.go:1818.2,1833.16 4 0
github.com/rmcguinness/gemini_task_engine/pkg/api/mcp.go:1833.16,1835.3 1 0
github.com/rmcguinness/gemini_task_engine/pkg/api/mcp.go:1837.2,1837.72 1 0
github.com/rmcguinness/gemini_task_engine/pkg/api/middleware.go:57.81,63.24 5 0
github.com/rmcguinness/gemini_task_engine/pkg/api/middleware.go:63.24,65.3 1 0
github.com/rmcguinness/gemini_task_engine/pkg/api/middleware.go:67.2,68.16 2 0
github.com/rmcguinness/gemini_task_engine/pkg/api/middleware.go:68.16,70.3 1 0
github.com/rmcguinness/gemini_task_engine/pkg/api/middleware.go:71.2,72.16 2 0
github.com/rmcguinness/gemini_task_engine/pkg/api/middleware.go:72.16,74.3 1 0
github.com/rmcguinness/gemini_task_engine/pkg/api/middleware.go:75.2,77.38 2 0
github.com/rmcguinness/gemini_task_engine/pkg/api/middleware.go:77.38,79.3 1 0
github.com/rmcguinness/gemini_task_engine/pkg/api/middleware.go:81.2,82.68 2 0
github.com/rmcguinness/gemini_task_engine/pkg/api/middleware.go:82.68,84.3 1 0
github.com/rmcguinness/gemini_task_engine/pkg/api/middleware.go:86.2,87.28 2 0
github.com/rmcguinness/gemini_task_engine/pkg/api/middleware.go:87.28,89.19 2 0
github.com/rmcguinness/gemini_task_engine/pkg/api/middleware.go:89.19,90.12 1 0
github.com/rmcguinness/gemini_task_engine/pkg/api/middleware.go:92.3,93.17 2 0
github.com/rmcguinness/gemini_task_engine/pkg/api/middleware.go:93.17,94.12 1 0
github.com/rmcguinness/gemini_task_engine/pkg/api/middleware.go:96.3,96.55 1 0
github.com/rmcguinness/gemini_task_engine/pkg/api/middleware.go:96.55,98.4 1 0
github.com/rmcguinness/gemini_task_engine/pkg/api/middleware.go:101.2,107.13 6 0
github.com/rmcguinness/gemini_task_engine/pkg/api/middleware.go:107.13,109.3 1 0
github.com/rmcguinness/gemini_task_engine/pkg/api/middleware.go:110.2,110.20 1 0
github.com/rmcguinness/gemini_task_engine/pkg/api/middleware.go:113.101,115.21 2 0
github.com/rmcguinness/gemini_task_engine/pkg/api/middleware.go:115.21,117.3 1 0
github.com/rmcguinness/gemini_task_engine/pkg/api/middleware.go:119.2,120.16 2 0
github.com/rmcguinness/gemini_task_engine/pkg/api/middleware.go:120.16,122.3 1 0
github.com/rmcguinness/gemini_task_engine/pkg/api/middleware.go:123.2,124.16 2 0
github.com/rmcguinness/gemini_task_engine/pkg/api/middleware.go:124.16,126.3 1 0
github.com/rmcguinness/gemini_task_engine/pkg/api/middleware.go:127.2,128.16 2 0
github.com/rmcguinness/gemini_task_engine/pkg/api/middleware.go:128.16,130.3 1 0
github.com/rmcguinness/gemini_task_engine/pkg/api/middleware.go:132.2,136.61 2 0
github.com/rmcguinness/gemini_task_engine/pkg/api/middleware.go:136.61,138.3 1 0
github.com/rmcguinness/gemini_task_engine/pkg/api/middleware.go:139.2,139.27 1 0
github.com/rmcguinness/gemini_task_engine/pkg/api/middleware.go:139.27,141.3 1 0
github.com/rmcguinness/gemini_task_engine/pkg/api/middleware.go:143.2,144.16 2 0
github.com/rmcguinness/gemini_task_engine/pkg/api/middleware.go:144.16,146.3 1 0
github.com/rmcguinness/gemini_task_engine/pkg/api/middleware.go:148.2,153.25 5 0
github.com/rmcguinness/gemini_task_engine/pkg/api/middleware.go:153.25,155.3 1 0
github.com/rmcguinness/gemini_task_engine/pkg/api/middleware.go:156.2,158.39 3 0
github.com/rmcguinness/gemini_task_engine/pkg/api/middleware.go:158.39,160.3 1 0
github.com/rmcguinness/gemini_task_engine/pkg/api/middleware.go:162.2,163.62 2 0
github.com/rmcguinness/gemini_task_engine/pkg/api/middleware.go:163.62,165.3 1 0
github.com/rmcguinness/gemini_task_engine/pkg/api/middleware.go:167.2,167.50 1 0
github.com/rmcguinness/gemini_task_engine/pkg/api/middleware.go:167.50,169.3 1 0
github.com/rmcguinness/gemini_task_engine/pkg/api/middleware.go:171.2,171.62 1 0
github.com/rmcguinness/gemini_task_engine/pkg/api/middleware.go:171.62,173.3 1 0
github.com/rmcguinness/gemini_task_engine/pkg/api/middleware.go:175.2,175.36 1 0
github.com/rmcguinness/gemini_task_engine/pkg/api/middleware.go:175.36,177.3 1 0
github.com/rmcguinness/gemini_task_engine/pkg/api/middleware.go:179.2,179.21 1 0
github.com/rmcguinness/gemini_task_engine/pkg/api/middleware.go:184.91,185.30 1 1
github.com/rmcguinness/gemini_task_engine/pkg/api/middleware.go:185.30,190.55 3 1
github.com/rmcguinness/gemini_task_engine/pkg/api/middleware.go:190.55,192.49 2 0
github.com/rmcguinness/gemini_task_engine/pkg/api/middleware.go:192.49,197.5 2 0
github.com/rmcguinness/gemini_task_engine/pkg/api/middleware.go:199.4,199.15 1 0
github.com/rmcguinness/gemini_task_engine/pkg/api/middleware.go:203.3,203.19 1 1
github.com/rmcguinness/gemini_task_engine/pkg/api/middleware.go:203.19,205.26 2 1
github.com/rmcguinness/gemini_task_engine/pkg/api/middleware.go:205.26,207.19 2 0
github.com/rmcguinness/gemini_task_engine/pkg/api/middleware.go:207.19,212.6 2 0
github.com/rmcguinness/gemini_task_engine/pkg/api/middleware.go:215.5,216.19 2 0
github.com/rmcguinness/gemini_task_engine/pkg/api/middleware.go:216.19,217.48 1 0
github.com/rmcguinness/gemini_task_engine/pkg/api/middleware.go:217.48,220.54 3 0
github.com/rmcguinness/gemini_task_engine/pkg/api/middleware.go:220.54,222.8 1 0
github.com/rmcguinness/gemini_task_engine/pkg/api/middleware.go:225.7,227.25 3 0
github.com/rmcguinness/gemini_task_engine/pkg/api/middleware.go:227.25,228.35 1 0
github.com/rmcguinness/gemini_task_engine/pkg/api/middleware.go:228.35,229.46 1 0
github.com/rmcguinness/gemini_task_engine/pkg/api/middleware.go:229.46,231.15 2 0
github.com/rmcguinness/gemini_task_engine/pkg/api/middleware.go:236.7,236.30 1 0
github.com/rmcguinness/gemini_task_engine/pkg/api/middleware.go:236.30,240.101 4 0
github.com/rmcguinness/gemini_task_engine/pkg/api/middleware.go:240.101,242.9 1 0
github.com/rmcguinness/gemini_task_engine/pkg/api/middleware.go:242.14,245.9 2 0
github.com/rmcguinness/gemini_task_engine/pkg/api/middleware.go:246.13,257.25 4 0
github.com/rmcguinness/gemini_task_engine/pkg/api/middleware.go:257.25,259.9 1 0
github.com/rmcguinness/gemini_task_engine/pkg/api/middleware.go:259.14,263.9 3 0
github.com/rmcguinness/gemini_task_engine/pkg/api/middleware.go:265.12,269.7 3 0
github.com/rmcguinness/gemini_task_engine/pkg/api/middleware.go:270.11,272.6 1 0
github.com/rmcguinness/gemini_task_engine/pkg/api/middleware.go:277.3,277.19 1 1
github.com/rmcguinness/gemini_task_engine/pkg/api/middleware.go:277.19,279.48 2 1
github.com/rmcguinness/gemini_task_engine/pkg/api/middleware.go:279.48,283.85 2 1
github.com/rmcguinness/gemini_task_engine/pkg/api/middleware.go:283.85,288.6 2 0
github.com/rmcguinness/gemini_task_engine/pkg/api/middleware.go:290.5,290.33 1 1
github.com/rmcguinness/gemini_task_engine/pkg/api/middleware.go:290.33,293.45 2 0
github.com/rmcguinness/gemini_task_engine/pkg/api/middleware.go:293.45,298.7 2 0
github.com/rmcguinness/gemini_task_engine/pkg/api/middleware.go:300.6,300.20 1 0
github.com/rmcguinness/gemini_task_engine/pkg/api/middleware.go:301.11,305.20 3 1
github.com/rmcguinness/gemini_task_engine/pkg/api/middleware.go:305.20,308.21 2 1
github.com/rmcguinness/gemini_task_engine/pkg/api/middleware.go:308.21,309.61 1 0
github.com/rmcguinness/gemini_task_engine/pkg/api/middleware.go:309.61,310.48 1 0
github.com/rmcguinness/gemini_task_engine/pkg/api/middleware.go:310.48,312.15 2 0
github.com/rmcguinness/gemini_task_engine/pkg/api/middleware.go:318.7,320.79 3 1
github.com/rmcguinness/gemini_task_engine/pkg/api/middleware.go:320.79,323.8 2 0
github.com/rmcguinness/gemini_task_engine/pkg/api/middleware.go:326.7,326.20 1 1
github.com/rmcguinness/gemini_task_engine/pkg/api/middleware.go:326.20,328.8 1 1
github.com/rmcguinness/gemini_task_engine/pkg/api/middleware.go:328.13,331.106 2 0
github.com/rmcguinness/gemini_task_engine/pkg/api/middleware.go:331.106,334.9 2 0
github.com/rmcguinness/gemini_task_engine/pkg/api/middleware.go:334.14,336.9 1 0
github.com/rmcguinness/gemini_task_engine/pkg/api/middleware.go:339.6,339.20 1 1
github.com/rmcguinness/gemini_task_engine/pkg/api/middleware.go:339.20,344.7 2 1
github.com/rmcguinness/gemini_task_engine/pkg/api/middleware.go:347.6,348.20 2 1
github.com/rmcguinness/gemini_task_engine/pkg/api/middleware.go:348.20,349.49 1 1
github.com/rmcguinness/gemini_task_engine/pkg/api/middleware.go:349.49,356.26 5 1
github.com/rmcguinness/gemini_task_engine/pkg/api/middleware.go:356.26,357.36 1 1
github.com/rmcguinness/gemini_task_engine/pkg/api/middleware.go:357.36,358.47 1 0
github.com/rmcguinness/gemini_task_engine/pkg/api/middleware.go:358.47,360.16 2 0
github.com/rmcguinness/gemini_task_engine/pkg/api/middleware.go:365.8,365.31 1 1
github.com/rmcguinness/gemini_task_engine/pkg/api/middleware.go:365.31,369.102 4 0
github.com/rmcguinness/gemini_task_engine/pkg/api/middleware.go:369.102,371.10 1 0
github.com/rmcguinness/gemini_task_engine/pkg/api/middleware.go:371.15,374.10 2 0
github.com/rmcguinness/gemini_task_engine/pkg/api/middleware.go:375.14,387.26 4 1
github.com/rmcguinness/gemini_task_engine/pkg/api/middleware.go:387.26,389.10 1 1
github.com/rmcguinness/gemini_task_engine/pkg/api/middleware.go:389.15,393.10 3 0
github.com/rmcguinness/gemini_task_engine/pkg/api/middleware.go:395.13,399.8 3 0
github.com/rmcguinness/gemini_task_engine/pkg/api/middleware.go:400.12,402.7 1 0
github.com/rmcguinness/gemini_task_engine/pkg/api/middleware.go:408.3,408.19 1 1
github.com/rmcguinness/gemini_task_engine/pkg/api/middleware.go:408.19,409.60 1 1
github.com/rmcguinness/gemini_task_engine/pkg/api/middleware.go:409.60,411.19 2 1
github.com/rmcguinness/gemini_task_engine/pkg/api/middleware.go:411.19,412.33 1 1
github.com/rmcguinness/gemini_task_engine/pkg/api/middleware.go:412.33,413.82 1 0
github.com/rmcguinness/gemini_task_engine/pkg/api/middleware.go:413.82,415.13 2 0
github.com/rmcguinness/gemini_task_engine/pkg/api/middleware.go:423.3,423.19 1 1
github.com/rmcguinness/gemini_task_engine/pkg/api/middleware.go:423.19,428.4 2 1
github.com/rmcguinness/gemini_task_engine/pkg/api/middleware.go:431.3,437.11 5 1
github.com/rmcguinness/gemini_task_engine/pkg/api/middleware.go:442.45,443.30 1 1
github.com/rmcguinness/gemini_task_engine/pkg/api/middleware.go:443.30,449.36 5 1
github.com/rmcguinness/gemini_task_engine/pkg/api/middleware.go:449.36,452.4 2 1
github.com/rmcguinness/gemini_task_engine/pkg/api/middleware.go:454.3,454.11 1 1
github.com/rmcguinness/gemini_task_engine/pkg/api/middleware.go:459.59,461.21 2 1
github.com/rmcguinness/gemini_task_engine/pkg/api/middleware.go:461.21,463.3 1 1
github.com/rmcguinness/gemini_task_engine/pkg/api/middleware.go:465.2,466.16 2 1
github.com/rmcguinness/gemini_task_engine/pkg/api/middleware.go:466.16,468.3 1 0
github.com/rmcguinness/gemini_task_engine/pkg/api/middleware.go:470.2,473.62 2 1
github.com/rmcguinness/gemini_task_engine/pkg/api/middleware.go:473.62,475.3 1 0
github.com/rmcguinness/gemini_task_engine/pkg/api/middleware.go:477.2,477.24 1 1
github.com/rmcguinness/gemini_task_engine/pkg/api/operational.go:41.23,49.2 1 1
github.com/rmcguinness/gemini_task_engine/pkg/api/operational.go:51.56,55.17 3 1
github.com/rmcguinness/gemini_task_engine/pkg/api/operational.go:55.17,57.17 2 0
github.com/rmcguinness/gemini_task_engine/pkg/api/operational.go:57.17,60.4 2 0
github.com/rmcguinness/gemini_task_engine/pkg/api/operational.go:60.9,62.18 2 0
github.com/rmcguinness/gemini_task_engine/pkg/api/operational.go:62.18,65.5 2 0
github.com/rmcguinness/gemini_task_engine/pkg/api/operational.go:67.8,70.3 2 1
github.com/rmcguinness/gemini_task_engine/pkg/api/operational.go:72.2,76.4 1 1
github.com/rmcguinness/gemini_task_engine/pkg/api/operational.go:79.55,83.2 1 1
github.com/rmcguinness/gemini_task_engine/pkg/api/operational.go:85.54,89.2 1 1
github.com/rmcguinness/gemini_task_engine/pkg/api/operational.go:91.52,93.25 2 0
github.com/rmcguinness/gemini_task_engine/pkg/api/operational.go:93.25,96.3 2 0
github.com/rmcguinness/gemini_task_engine/pkg/api/operational.go:98.2,99.16 2 0
github.com/rmcguinness/gemini_task_engine/pkg/api/operational.go:99.16,102.3 2 0
github.com/rmcguinness/gemini_task_engine/pkg/api/operational.go:103.2,103.40 1 0
github.com/rmcguinness/gemini_task_engine/pkg/api/operational.go:106.56,108.16 2 0
github.com/rmcguinness/gemini_task_engine/pkg/api/operational.go:108.16,111.3 2 0
github.com/rmcguinness/gemini_task_engine/pkg/api/operational.go:112.2,113.26 2 0
github.com/rmcguinness/gemini_task_engine/pkg/api/operational.go:113.26,115.3 1 0
github.com/rmcguinness/gemini_task_engine/pkg/api/operational.go:116.2,116.29 1 0
github.com/rmcguinness/gemini_task_engine/pkg/api/operational.go:119.58,121.17 2 1
github.com/rmcguinness/gemini_task_engine/pkg/api/operational.go:121.17,124.3 2 0
github.com/rmcguinness/gemini_task_engine/pkg/api/operational.go:126.2,127.16 2 1
github.com/rmcguinness/gemini_task_engine/pkg/api/operational.go:127.16,130.3 2 0
github.com/rmcguinness/gemini_task_engine/pkg/api/operational.go:131.2,131.30 1 1
github.com/rmcguinness/gemini_task_engine/pkg/api/operational.go:134.59,136.18 2 1
github.com/rmcguinness/gemini_task_engine/pkg/api/operational.go:136.18,139.3 2 0
github.com/rmcguinness/gemini_task_engine/pkg/api/operational.go:141.2,142.16 2 1
github.com/rmcguinness/gemini_task_engine/pkg/api/operational.go:142.16,145.3 2 0
github.com/rmcguinness/gemini_task_engine/pkg/api/operational.go:146.2,146.30 1 1
github.com/rmcguinness/gemini_task_engine/pkg/api/operational.go:149.64,151.18 2 0
github.com/rmcguinness/gemini_task_engine/pkg/api/operational.go:151.18,154.3 2 0
github.com/rmcguinness/gemini_task_engine/pkg/api/operational.go:156.2,157.16 2 0
github.com/rmcguinness/gemini_task_engine/pkg/api/operational.go:157.16,160.3 2 0
github.com/rmcguinness/gemini_task_engine/pkg/api/operational.go:161.2,161.30 1 0
github.com/rmcguinness/gemini_task_engine/pkg/api/operational.go:164.63,167.34 3 1
github.com/rmcguinness/gemini_task_engine/pkg/api/operational.go:167.34,170.3 2 0
github.com/rmcguinness/gemini_task_engine/pkg/api/operational.go:172.2,173.16 2 1
github.com/rmcguinness/gemini_task_engine/pkg/api/operational.go:173.16,176.3 2 0
github.com/rmcguinness/gemini_task_engine/pkg/api/operational.go:177.2,177.30 1 1
github.com/rmcguinness/gemini_task_engine/pkg/api/operational.go:180.63,187.47 4 1
github.com/rmcguinness/gemini_task_engine/pkg/api/operational.go:187.47,190.3 2 0
github.com/rmcguinness/gemini_task_engine/pkg/api/operational.go:192.2,193.16 2 1
github.com/rmcguinness/gemini_task_engine/pkg/api/operational.go:193.16,196.3 2 1
github.com/rmcguinness/gemini_task_engine/pkg/api/operational.go:197.2,197.51 1 1
github.com/rmcguinness/gemini_task_engine/pkg/api/operational.go:200.60,207.47 4 1
github.com/rmcguinness/gemini_task_engine/pkg/api/operational.go:207.47,210.3 2 0
github.com/rmcguinness/gemini_task_engine/pkg/api/operational.go:212.2,213.16 2 1
github.com/rmcguinness/gemini_task_engine/pkg/api/operational.go:213.16,216.3 2 0
github.com/rmcguinness/gemini_task_engine/pkg/api/operational.go:217.2,217.51 1 1
github.com/rmcguinness/gemini_task_engine/pkg/api/operational.go:220.59,226.47 3 1
github.com/rmcguinness/gemini_task_engine/pkg/api/operational.go:226.47,229.3 2 0
github.com/rmcguinness/gemini_task_engine/pkg/api/operational.go:231.2,232.16 2 1
github.com/rmcguinness/gemini_task_engine/pkg/api/operational.go:232.16,235.3 2 0
github.com/rmcguinness/gemini_task_engine/pkg/api/operational.go:236.2,236.56 1 1
github.com/rmcguinness/gemini_task_engine/pkg/api/operational.go:239.58,244.16 4 0
github.com/rmcguinness/gemini_task_engine/pkg/api/operational.go:244.16,247.3 2 0
github.com/rmcguinness/gemini_task_engine/pkg/api/operational.go:248.2,248.51 1 0
github.com/rmcguinness/gemini_task_engine/pkg/api/operational.go:251.58,256.16 4 0
github.com/rmcguinness/gemini_task_engine/pkg/api/operational.go:256.16,259.3 2 0
github.com/rmcguinness/gemini_task_engine/pkg/api/operational.go:260.2,260.51 1 0
github.com/rmcguinness/gemini_task_engine/pkg/api/operational.go:263.64,267.16 3 0
github.com/rmcguinness/gemini_task_engine/pkg/api/operational.go:267.16,270.3 2 0
github.com/rmcguinness/gemini_task_engine/pkg/api/operational.go:271.2,271.31 1 0
github.com/rmcguinness/gemini_task_engine/pkg/api/operational.go:274.59,281.47 3 0
github.com/rmcguinness/gemini_task_engine/pkg/api/operational.go:281.47,284.3 2 0
github.com/rmcguinness/gemini_task_engine/pkg/api/operational.go:286.2,287.16 2 0
github.com/rmcguinness/gemini_task_engine/pkg/api/operational.go:287.16,290.3 2 0
github.com/rmcguinness/gemini_task_engine/pkg/api/operational.go:291.2,291.34 1 0
github.com/rmcguinness/gemini_task_engine/pkg/api/operational.go:294.56,297.25 3 0
github.com/rmcguinness/gemini_task_engine/pkg/api/operational.go:297.25,300.3 2 0
github.com/rmcguinness/gemini_task_engine/pkg/api/operational.go:302.2,303.16 2 0
github.com/rmcguinness/gemini_task_engine/pkg/api/operational.go:303.16,306.3 2 0
github.com/rmcguinness/gemini_task_engine/pkg/api/operational.go:308.2,309.31 2 0
github.com/rmcguinness/gemini_task_engine/pkg/api/operational.go:309.31,311.3 1 0
github.com/rmcguinness/gemini_task_engine/pkg/api/operational.go:313.2,314.16 2 0
github.com/rmcguinness/gemini_task_engine/pkg/api/operational.go:314.16,317.3 2 0
github.com/rmcguinness/gemini_task_engine/pkg/api/operational.go:319.2,319.51 1 0
github.com/rmcguinness/gemini_task_engine/pkg/api/server.go:84.20,97.33 7 1
github.com/rmcguinness/gemini_task_engine/pkg/api/server.go:97.33,100.21 3 0
github.com/rmcguinness/gemini_task_engine/pkg/api/server.go:100.21,103.4 2 0
github.com/rmcguinness/gemini_task_engine/pkg/api/server.go:104.8,107.3 1 1
github.com/rmcguinness/gemini_task_engine/pkg/api/server.go:109.2,110.17 2 1
github.com/rmcguinness/gemini_task_engine/pkg/api/server.go:110.17,112.3 1 0
github.com/rmcguinness/gemini_task_engine/pkg/api/server.go:113.2,116.16 4 1
github.com/rmcguinness/gemini_task_engine/pkg/api/server.go:116.16,118.3 1 0
github.com/rmcguinness/gemini_task_engine/pkg/api/server.go:119.2,122.16 3 1
github.com/rmcguinness/gemini_task_engine/pkg/api/server.go:122.16,124.3 1 0
github.com/rmcguinness/gemini_task_engine/pkg/api/server.go:127.2,128.21 2 1
github.com/rmcguinness/gemini_task_engine/pkg/api/server.go:128.21,131.20 3 0
github.com/rmcguinness/gemini_task_engine/pkg/api/server.go:131.20,133.4 1 0
github.com/rmcguinness/gemini_task_engine/pkg/api/server.go:133.9,135.4 1 0
github.com/rmcguinness/gemini_task_engine/pkg/api/server.go:138.2,158.15 3 1
github.com/rmcguinness/gemini_task_engine/pkg/api/server.go:161.32,163.48 1 1
github.com/rmcguinness/gemini_task_engine/pkg/api/server.go:163.48,165.3 1 1
github.com/rmcguinness/gemini_task_engine/pkg/api/server.go:166.2,166.61 1 1
github.com/rmcguinness/gemini_task_engine/pkg/api/server.go:166.61,168.3 1 1
github.com/rmcguinness/gemini_task_engine/pkg/api/server.go:171.2,176.32 4 1
github.com/rmcguinness/gemini_task_engine/pkg/api/server.go:176.32,178.3 1 1
github.com/rmcguinness/gemini_task_engine/pkg/api/server.go:181.2,188.32 4 1
github.com/rmcguinness/gemini_task_engine/pkg/api/server.go:188.32,190.3 2 0
github.com/rmcguinness/gemini_task_engine/pkg/api/server.go:190.3,200.4 8 0
github.com/rmcguinness/gemini_task_engine/pkg/api/server.go:204.2,205.2 2 1
github.com/rmcguinness/gemini_task_engine/pkg/api/server.go:205.2,280.3 51 1
github.com/rmcguinness/gemini_task_engine/pkg/api/server.go:283.2,284.2 2 1
github.com/rmcguinness/gemini_task_engine/pkg/api/server.go:284.2,321.3 17 1
github.com/rmcguinness/gemini_task_engine/pkg/api/server.go:325.30,328.2 2 0
github.com/rmcguinness/gemini_task_engine/pkg/api/server.go:331.39,333.2 1 1
github.com/rmcguinness/gemini_task_engine/pkg/api/telemetry.go:39.76,42.16 2 1
github.com/rmcguinness/gemini_task_engine/pkg/api/telemetry.go:42.16,44.3 1 0
github.com/rmcguinness/gemini_task_engine/pkg/api/telemetry.go:48.2,62.21 4 1
github.com/rmcguinness/gemini_task_engine/pkg/api/telemetry.go:62.21,64.3 1 0
github.com/rmcguinness/gemini_task_engine/pkg/api/telemetry.go:66.2,69.8 1 1
github.com/rmcguinness/gemini_task_engine/pkg/api/telemetry.go:73.57,75.16 2 0
github.com/rmcguinness/gemini_task_engine/pkg/api/telemetry.go:75.16,78.3 2 0
github.com/rmcguinness/gemini_task_engine/pkg/api/telemetry.go:82.2,83.16 2 0
github.com/rmcguinness/gemini_task_engine/pkg/api/telemetry.go:83.16,86.3 2 0
github.com/rmcguinness/gemini_task_engine/pkg/api/telemetry.go:91.2,94.16 3 0
github.com/rmcguinness/gemini_task_engine/pkg/api/telemetry.go:94.16,97.3 2 0
github.com/rmcguinness/gemini_task_engine/pkg/api/telemetry.go:100.2,101.23 2 0
github.com/rmcguinness/gemini_task_engine/pkg/api/telemetry.go:101.23,103.3 1 0
github.com/rmcguinness/gemini_task_engine/pkg/api/telemetry.go:104.2,108.16 3 0
github.com/rmcguinness/gemini_task_engine/pkg/api/telemetry.go:108.16,112.3 3 0
github.com/rmcguinness/gemini_task_engine/pkg/api/telemetry.go:113.2,116.16 3 0
github.com/rmcguinness/gemini_task_engine/pkg/api/telemetry.go:116.16,119.3 2 0
github.com/rmcguinness/gemini_task_engine/pkg/api/telemetry.go:122.2,122.68 1 0
github.com/rmcguinness/gemini_task_engine/pkg/api/telemetry.go:127.74,128.20 1 0
github.com/rmcguinness/gemini_task_engine/pkg/api/telemetry.go:128.20,130.3 1 0
github.com/rmcguinness/gemini_task_engine/pkg/api/telemetry.go:132.2,133.55 2 0
github.com/rmcguinness/gemini_task_engine/pkg/api/telemetry.go:133.55,135.3 1 0
github.com/rmcguinness/gemini_task_engine/pkg/api/telemetry.go:137.2,138.9 2 0
github.com/rmcguinness/gemini_task_engine/pkg/api/telemetry.go:138.9,140.3 1 0
github.com/rmcguinness/gemini_task_engine/pkg/api/telemetry.go:142.2,142.35 1 0
github.com/rmcguinness/gemini_task_engine/pkg/api/telemetry.go:142.35,144.10 2 0
github.com/rmcguinness/gemini_task_engine/pkg/api/telemetry.go:144.10,145.12 1 0
github.com/rmcguinness/gemini_task_engine/pkg/api/telemetry.go:148.3,149.10 2 0
github.com/rmcguinness/gemini_task_engine/pkg/api/telemetry.go:149.10,152.4 2 0
github.com/rmcguinness/gemini_task_engine/pkg/api/telemetry.go:154.3,155.10 2 0
github.com/rmcguinness/gemini_task_engine/pkg/api/telemetry.go:155.10,157.4 1 0
github.com/rmcguinness/gemini_task_engine/pkg/api/telemetry.go:160.3,161.35 2 0
github.com/rmcguinness/gemini_task_engine/pkg/api/telemetry.go:161.35,163.11 2 0
github.com/rmcguinness/gemini_task_engine/pkg/api/telemetry.go:163.11,164.13 1 0
github.com/rmcguinness/gemini_task_engine/pkg/api/telemetry.go:166.4,166.42 1 0
github.com/rmcguinness/gemini_task_engine/pkg/api/telemetry.go:166.42,170.10 4 0
github.com/rmcguinness/gemini_task_engine/pkg/api/telemetry.go:175.3,175.14 1 0
github.com/rmcguinness/gemini_task_engine/pkg/api/telemetry.go:175.14,182.4 1 0
github.com/rmcguinness/gemini_task_engine/pkg/api/telemetry.go:184.3,184.38 1 0
github.com/rmcguinness/gemini_task_engine/pkg/api/telemetry.go:187.2,187.30 1 0
github.com/rmcguinness/gemini_task_engine/pkg/api/tts.go:35.34,37.16 2 1
github.com/rmcguinness/gemini_task_engine/pkg/api/tts.go:37.16,40.3 2 0
github.com/rmcguinness/gemini_task_engine/pkg/api/tts.go:41.2,42.36 2 1
github.com/rmcguinness/gemini_task_engine/pkg/api/tts.go:45.30,46.21 1 0
github.com/rmcguinness/gemini_task_engine/pkg/api/tts.go:46.21,48.3 1 0
github.com/rmcguinness/gemini_task_engine/pkg/api/tts.go:51.49,52.21 1 0
github.com/rmcguinness/gemini_task_engine/pkg/api/tts.go:52.21,55.3 2 0
github.com/rmcguinness/gemini_task_engine/pkg/api/tts.go:57.2,58.47 2 0
github.com/rmcguinness/gemini_task_engine/pkg/api/tts.go:58.47,61.3 2 0
github.com/rmcguinness/gemini_task_engine/pkg/api/tts.go:63.2,81.16 4 0
github.com/rmcguinness/gemini_task_engine/pkg/api/tts.go:81.16,84.3 2 0
github.com/rmcguinness/gemini_task_engine/pkg/api/tts.go:87.2,87.56 1 0
github.com/rmcguinness/gemini_task_engine/pkg/api/voice_translation.go:46.136,51.2 1 1
github.com/rmcguinness/gemini_task_engine/pkg/api/voice_translation.go:54.62,57.16 3 1
github.com/rmcguinness/gemini_task_engine/pkg/api/voice_translation.go:57.16,60.3 2 0
github.com/rmcguinness/gemini_task_engine/pkg/api/voice_translation.go:61.2,61.43 1 1
github.com/rmcguinness/gemini_task_engine/pkg/api/voice_translation.go:65.63,68.47 3 1
github.com/rmcguinness/gemini_task_engine/pkg/api/voice_translation.go:68.47,71.3 2 0
github.com/rmcguinness/gemini_task_engine/pkg/api/voice_translation.go:73.2,76.35 3 1
github.com/rmcguinness/gemini_task_engine/pkg/api/voice_translation.go:76.35,79.3 2 0
github.com/rmcguinness/gemini_task_engine/pkg/api/voice_translation.go:81.2,91.41 2 1
github.com/rmcguinness/gemini_task_engine/pkg/api/voice_translation.go:91.41,93.3 1 0
github.com/rmcguinness/gemini_task_engine/pkg/api/voice_translation.go:94.2,94.39 1 1
github.com/rmcguinness/gemini_task_engine/pkg/api/voice_translation.go:94.39,96.3 1 0
github.com/rmcguinness/gemini_task_engine/pkg/api/voice_translation.go:98.2,99.16 2 1
github.com/rmcguinness/gemini_task_engine/pkg/api/voice_translation.go:99.16,102.3 2 0
github.com/rmcguinness/gemini_task_engine/pkg/api/voice_translation.go:104.2,104.51 1 1
github.com/rmcguinness/gemini_task_engine/pkg/api/voice_translation.go:108.65,111.47 3 1
github.com/rmcguinness/gemini_task_engine/pkg/api/voice_translation.go:111.47,114.3 2 0
github.com/rmcguinness/gemini_task_engine/pkg/api/voice_translation.go:116.2,118.16 3 1
github.com/rmcguinness/gemini_task_engine/pkg/api/voice_translation.go:118.16,121.3 2 0
github.com/rmcguinness/gemini_task_engine/pkg/api/voice_translation.go:124.2,130.38 6 1
github.com/rmcguinness/gemini_task_engine/pkg/api/voice_translation.go:130.38,132.3 1 0
github.com/rmcguinness/gemini_task_engine/pkg/api/voice_translation.go:133.2,133.36 1 1
github.com/rmcguinness/gemini_task_engine/pkg/api/voice_translation.go:133.36,135.3 1 0
github.com/rmcguinness/gemini_task_engine/pkg/api/voice_translation.go:137.2,138.16 2 1
github.com/rmcguinness/gemini_task_engine/pkg/api/voice_translation.go:138.16,141.3 2 0
github.com/rmcguinness/gemini_task_engine/pkg/api/voice_translation.go:143.2,143.43 1 1
github.com/rmcguinness/gemini_task_engine/pkg/api/voice_translation.go:147.62,153.16 4 1
github.com/rmcguinness/gemini_task_engine/pkg/api/voice_translation.go:153.16,155.17 2 0
github.com/rmcguinness/gemini_task_engine/pkg/api/voice_translation.go:155.17,159.18 4 0
github.com/rmcguinness/gemini_task_engine/pkg/api/voice_translation.go:159.18,161.5 1 0
github.com/rmcguinness/gemini_task_engine/pkg/api/voice_translation.go:164.2,164.26 1 1
github.com/rmcguinness/gemini_task_engine/pkg/api/voice_translation.go:164.26,166.17 2 1
github.com/rmcguinness/gemini_task_engine/pkg/api/voice_translation.go:166.17,168.4 1 1
github.com/rmcguinness/gemini_task_engine/pkg/api/voice_translation.go:171.2,171.26 1 1
github.com/rmcguinness/gemini_task_engine/pkg/api/voice_translation.go:171.26,174.3 2 0
github.com/rmcguinness/gemini_task_engine/pkg/api/voice_translation.go:176.2,178.16 3 1
github.com/rmcguinness/gemini_task_engine/pkg/api/voice_translation.go:178.16,181.3 2 0
github.com/rmcguinness/gemini_task_engine/pkg/api/voice_translation.go:184.2,188.16 3 1
github.com/rmcguinness/gemini_task_engine/pkg/api/voice_translation.go:188.16,191.3 2 0
github.com/rmcguinness/gemini_task_engine/pkg/api/voice_translation.go:192.2,195.16 3 1
github.com/rmcguinness/gemini_task_engine/pkg/api/voice_translation.go:195.16,198.3 2 0
github.com/rmcguinness/gemini_task_engine/pkg/api/voice_translation.go:200.2,203.4 1 1
github.com/rmcguinness/gemini_task_engine/pkg/api/voice_translation.go:207.65,209.23 2 1
github.com/rmcguinness/gemini_task_engine/pkg/api/voice_translation.go:209.23,211.3 1 1
github.com/rmcguinness/gemini_task_engine/pkg/api/voice_translation.go:213.2,214.22 2 1
github.com/rmcguinness/gemini_task_engine/pkg/api/voice_translation.go:214.22,216.3 1 1
github.com/rmcguinness/gemini_task_engine/pkg/api/voice_translation.go:218.2,218.43 1 1
github.com/rmcguinness/gemini_task_engine/pkg/api/voice_translation.go:218.43,221.3 2 0
github.com/rmcguinness/gemini_task_engine/pkg/api/voice_translation.go:224.2,226.16 3 1
github.com/rmcguinness/gemini_task_engine/pkg/api/voice_translation.go:226.16,228.17 2 0
github.com/rmcguinness/gemini_task_engine/pkg/api/voice_translation.go:228.17,232.18 4 0
github.com/rmcguinness/gemini_task_engine/pkg/api/voice_translation.go:232.18,234.5 1 0
github.com/rmcguinness/gemini_task_engine/pkg/api/voice_translation.go:237.2,237.26 1 1
github.com/rmcguinness/gemini_task_engine/pkg/api/voice_translation.go:237.26,239.17 2 1
github.com/rmcguinness/gemini_task_engine/pkg/api/voice_translation.go:239.17,241.4 1 1
github.com/rmcguinness/gemini_task_engine/pkg/api/voice_translation.go:244.2,244.26 1 1
github.com/rmcguinness/gemini_task_engine/pkg/api/voice_translation.go:244.26,247.3 2 0
github.com/rmcguinness/gemini_task_engine/pkg/api/voice_translation.go:249.2,250.16 2 1
github.com/rmcguinness/gemini_task_engine/pkg/api/voice_translation.go:250.16,253.3 2 0
github.com/rmcguinness/gemini_task_engine/pkg/api/voice_translation.go:256.2,259.47 2 1
github.com/rmcguinness/gemini_task_engine/pkg/api/voice_translation.go:263.67,265.23 2 1
github.com/rmcguinness/gemini_task_engine/pkg/api/voice_translation.go:265.23,267.3 1 1
github.com/rmcguinness/gemini_task_engine/pkg/api/voice_translation.go:269.2,270.26 2 1
github.com/rmcguinness/gemini_task_engine/pkg/api/voice_translation.go:270.26,272.3 1 1
github.com/rmcguinness/gemini_task_engine/pkg/api/voice_translation.go:274.2,275.22 2 1
github.com/rmcguinness/gemini_task_engine/pkg/api/voice_translation.go:275.22,277.3 1 1
github.com/rmcguinness/gemini_task_engine/pkg/api/voice_translation.go:279.2,279.67 1 1
github.com/rmcguinness/gemini_task_engine/pkg/api/voice_translation.go:279.67,282.3 2 0
github.com/rmcguinness/gemini_task_engine/pkg/api/voice_translation.go:285.2,287.16 3 1
github.com/rmcguinness/gemini_task_engine/pkg/api/voice_translation.go:287.16,289.17 2 0
github.com/rmcguinness/gemini_task_engine/pkg/api/voice_translation.go:289.17,293.18 4 0
github.com/rmcguinness/gemini_task_engine/pkg/api/voice_translation.go:293.18,295.5 1 0
github.com/rmcguinness/gemini_task_engine/pkg/api/voice_translation.go:298.2,298.26 1 1
github.com/rmcguinness/gemini_task_engine/pkg/api/voice_translation.go:298.26,300.17 2 1
github.com/rmcguinness/gemini_task_engine/pkg/api/voice_translation.go:300.17,302.4 1 1
github.com/rmcguinness/gemini_task_engine/pkg/api/voice_translation.go:305.2,305.26 1 1
github.com/rmcguinness/gemini_task_engine/pkg/api/voice_translation.go:305.26,308.3 2 0
github.com/rmcguinness/gemini_task_engine/pkg/api/voice_translation.go:310.2,311.16 2 1
github.com/rmcguinness/gemini_task_engine/pkg/api/voice_translation.go:311.16,314.3 2 0
github.com/rmcguinness/gemini_task_engine/pkg/api/voice_translation.go:317.2,320.47 2 1
github.com/rmcguinness/gemini_task_engine/pkg/api/voice_translation.go:324.62,326.16 2 1
github.com/rmcguinness/gemini_task_engine/pkg/api/voice_translation.go:326.16,329.3 2 0
github.com/rmcguinness/gemini_task_engine/pkg/api/voice_translation.go:330.2,330.31 1 1
github.com/rmcguinness/gemini_task_engine/pkg/api/voice_translation.go:334.45,344.2 1 1
github.com/rmcguinness/gemini_task_engine/pkg/api/voice_translation.go:347.64,353.47 2 0
github.com/rmcguinness/gemini_task_engine/pkg/api/voice_translation.go:353.47,356.3 2 0
github.com/rmcguinness/gemini_task_engine/pkg/api/voice_translation.go:358.2,358.51 1 0
github.com/rmcguinness/gemini_task_engine/pkg/api/voice_translation.go:358.51,361.3 2 0
github.com/rmcguinness/gemini_task_engine/pkg/api/voice_translation.go:364.2,365.16 2 0
github.com/rmcguinness/gemini_task_engine/pkg/api/voice_translation.go:365.16,368.41 3 0
github.com/rmcguinness/gemini_task_engine/pkg/api/voice_translation.go:368.41,370.4 1 0
github.com/rmcguinness/gemini_task_engine/pkg/api/voice_translation.go:370.9,370.48 1 0
github.com/rmcguinness/gemini_task_engine/pkg/api/voice_translation.go:370.48,372.4 1 0
github.com/rmcguinness/gemini_task_engine/pkg/api/voice_translation.go:372.9,372.48 1 0
github.com/rmcguinness/gemini_task_engine/pkg/api/voice_translation.go:372.48,374.4 1 0
github.com/rmcguinness/gemini_task_engine/pkg/api/voice_translation.go:374.9,374.48 1 0
github.com/rmcguinness/gemini_task_engine/pkg/api/voice_translation.go:374.48,376.4 1 0
github.com/rmcguinness/gemini_task_engine/pkg/api/voice_translation.go:376.9,376.48 1 0
github.com/rmcguinness/gemini_task_engine/pkg/api/voice_translation.go:376.48,378.4 1 0
github.com/rmcguinness/gemini_task_engine/pkg/api/voice_translation.go:381.2,382.16 2 0
github.com/rmcguinness/gemini_task_engine/pkg/api/voice_translation.go:382.16,385.3 2 0
github.com/rmcguinness/gemini_task_engine/pkg/api/voice_translation.go:387.2,387.49 1 0
github.com/rmcguinness/gemini_task_engine/pkg/model/hooks.go:25.62,27.61 2 0
github.com/rmcguinness/gemini_task_engine/pkg/model/hooks.go:27.61,28.47 1 0
github.com/rmcguinness/gemini_task_engine/pkg/model/hooks.go:28.47,30.4 1 0
github.com/rmcguinness/gemini_task_engine/pkg/model/hooks.go:34.2,35.16 2 0
github.com/rmcguinness/gemini_task_engine/pkg/model/hooks.go:35.16,37.3 1 0
github.com/rmcguinness/gemini_task_engine/pkg/model/hooks.go:40.2,41.81 2 0
github.com/rmcguinness/gemini_task_engine/pkg/model/hooks.go:41.81,43.3 1 0
github.com/rmcguinness/gemini_task_engine/pkg/model/hooks.go:43.8,43.33 1 0
github.com/rmcguinness/gemini_task_engine/pkg/model/hooks.go:43.33,45.3 1 0
github.com/rmcguinness/gemini_task_engine/pkg/model/hooks.go:45.8,45.87 1 0
github.com/rmcguinness/gemini_task_engine/pkg/model/hooks.go:45.87,47.3 1 0
github.com/rmcguinness/gemini_task_engine/pkg/model/hooks.go:47.8,47.36 1 0
github.com/rmcguinness/gemini_task_engine/pkg/model/hooks.go:47.36,49.3 1 0
github.com/rmcguinness/gemini_task_engine/pkg/model/hooks.go:51.2,59.32 2 0
github.com/rmcguinness/gemini_task_engine/pkg/model/types.go:30.47,31.18 1 0
github.com/rmcguinness/gemini_task_engine/pkg/model/types.go:31.18,34.3 2 0
github.com/rmcguinness/gemini_task_engine/pkg/model/types.go:35.2,36.9 2 0
github.com/rmcguinness/gemini_task_engine/pkg/model/types.go:36.9,38.3 1 0
github.com/rmcguinness/gemini_task_engine/pkg/model/types.go:39.2,42.12 4 0
github.com/rmcguinness/gemini_task_engine/pkg/model/types.go:46.46,47.14 1 1
github.com/rmcguinness/gemini_task_engine/pkg/model/types.go:47.14,49.3 1 1
github.com/rmcguinness/gemini_task_engine/pkg/model/types.go:50.2,50.23 1 0
github.com/rmcguinness/gemini_task_engine/pkg/model/types.go:54.50,55.17 1 1
github.com/rmcguinness/gemini_task_engine/pkg/model/types.go:55.17,58.3 2 0
github.com/rmcguinness/gemini_task_engine/pkg/model/types.go:59.2,62.12 4 1
github.com/rmcguinness/gemini_task_engine/pkg/model/types.go:66.46,67.17 1 0
github.com/rmcguinness/gemini_task_engine/pkg/model/types.go:67.17,69.3 1 0
github.com/rmcguinness/gemini_task_engine/pkg/model/types.go:70.2,70.23 1 0
github.com/rmcguinness/gemini_task_engine/pkg/model/types.go:77.55,78.18 1 0
github.com/rmcguinness/gemini_task_engine/pkg/model/types.go:78.18,81.3 2 0
github.com/rmcguinness/gemini_task_engine/pkg/model/types.go:82.2,83.9 2 0
github.com/rmcguinness/gemini_task_engine/pkg/model/types.go:83.9,85.10 2 0
github.com/rmcguinness/gemini_task_engine/pkg/model/types.go:85.10,87.4 1 0
github.com/rmcguinness/gemini_task_engine/pkg/model/types.go:88.3,88.22 1 0
github.com/rmcguinness/gemini_task_engine/pkg/model/types.go:90.2,91.15 2 0
github.com/rmcguinness/gemini_task_engine/pkg/model/types.go:91.15,94.3 2 0
github.com/rmcguinness/gemini_task_engine/pkg/model/types.go:95.2,97.26 3 0
github.com/rmcguinness/gemini_task_engine/pkg/model/types.go:97.26,99.17 2 0
github.com/rmcguinness/gemini_task_engine/pkg/model/types.go:99.17,101.4 1 0
github.com/rmcguinness/gemini_task_engine/pkg/model/types.go:102.3,102.24 1 0
github.com/rmcguinness/gemini_task_engine/pkg/model/types.go:104.2,105.12 2 0
github.com/rmcguinness/gemini_task_engine/pkg/model/types.go:109.54,110.17 1 0
github.com/rmcguinness/gemini_task_engine/pkg/model/types.go:110.17,112.3 1 0
github.com/rmcguinness/gemini_task_engine/pkg/model/types.go:113.2,114.24 2 0
github.com/rmcguinness/gemini_task_engine/pkg/model/types.go:114.24,116.3 1 0
github.com/rmcguinness/gemini_task_engine/pkg/model/types.go:117.2,117.50 1 0
github.com/rmcguinness/gemini_task_engine/pkg/model/user.go:89.65,91.88 2 0
github.com/rmcguinness/gemini_task_engine/pkg/model/user.go:91.88,93.3 1 0
github.com/rmcguinness/gemini_task_engine/pkg/model/user.go:94.2,94.58 1 0
github.com/rmcguinness/gemini_task_engine/pkg/model/user.go:94.58,96.3 1 0
github.com/rmcguinness/gemini_task_engine/pkg/model/user.go:97.2,97.18 1 0
github.com/rmcguinness/gemini_task_engine/pkg/model/user.go:100.66,102.16 2 0
github.com/rmcguinness/gemini_task_engine/pkg/model/user.go:102.16,104.3 1 0
github.com/rmcguinness/gemini_task_engine/pkg/model/user.go:105.2,106.12 2 0
github.com/rmcguinness/gemini_task_engine/pkg/model/user.go:110.44,112.16 2 0
github.com/rmcguinness/gemini_task_engine/pkg/model/user.go:112.16,114.3 1 0
github.com/rmcguinness/gemini_task_engine/pkg/model/user.go:115.2,115.35 1 0
github.com/rmcguinness/gemini_task_engine/pkg/model/user.go:115.35,116.34 1 0
github.com/rmcguinness/gemini_task_engine/pkg/model/user.go:116.34,118.4 1 0
github.com/rmcguinness/gemini_task_engine/pkg/model/user.go:120.2,120.16 1 0
github.com/rmcguinness/gemini_task_engine/pkg/model/user.go:124.42,126.16 2 0
github.com/rmcguinness/gemini_task_engine/pkg/model/user.go:126.16,128.3 1 0
github.com/rmcguinness/gemini_task_engine/pkg/model/user.go:129.2,130.31 2 0
github.com/rmcguinness/gemini_task_engine/pkg/model/user.go:134.52,136.16 2 0
github.com/rmcguinness/gemini_task_engine/pkg/model/user.go:136.16,138.3 1 0
github.com/rmcguinness/gemini_task_engine/pkg/model/user.go:139.2,139.44 1 0
github.com/rmcguinness/gemini_task_engine/pkg/model/user.go:139.44,140.34 1 0
github.com/rmcguinness/gemini_task_engine/pkg/model/user.go:140.34,142.4 1 0
github.com/rmcguinness/gemini_task_engine/pkg/model/user.go:144.2,144.16 1 0
github.com/rmcguinness/gemini_task_engine/pkg/model/user.go:148.54,150.16 2 0
github.com/rmcguinness/gemini_task_engine/pkg/model/user.go:150.16,152.3 1 0
github.com/rmcguinness/gemini_task_engine/pkg/model/user.go:153.2,154.31 2 0
github.com/rmcguinness/gemini_task_engine/pkg/model/user.go:158.45,160.16 2 0
github.com/rmcguinness/gemini_task_engine/pkg/model/user.go:160.16,162.3 1 0
github.com/rmcguinness/gemini_task_engine/pkg/model/user.go:163.2,163.37 1 0
github.com/rmcguinness/gemini_task_engine/pkg/model/user.go:163.37,164.34 1 0
github.com/rmcguinness/gemini_task_engine/pkg/model/user.go:164.34,166.4 1 0
github.com/rmcguinness/gemini_task_engine/pkg/model/user.go:168.2,168.16 1 0
github.com/rmcguinness/gemini_task_engine/pkg/model/user.go:172.47,174.16 2 0
github.com/rmcguinness/gemini_task_engine/pkg/model/user.go:174.16,176.3 1 0
github.com/rmcguinness/gemini_task_engine/pkg/model/user.go:177.2,178.31 2 0
github.com/rmcguinness/gemini_task_engine/pkg/model/user.go:182.47,184.16 2 0
github.com/rmcguinness/gemini_task_engine/pkg/model/user.go:184.16,186.3 1 0
github.com/rmcguinness/gemini_task_engine/pkg/model/user.go:187.2,187.41 1 0
github.com/rmcguinness/gemini_task_engine/pkg/model/user.go:187.41,188.30 1 0
github.com/rmcguinness/gemini_task_engine/pkg/model/user.go:188.30,190.4 1 0
github.com/rmcguinness/gemini_task_engine/pkg/model/user.go:192.2,192.19 1 0
github.com/rmcguinness/gemini_task_engine/pkg/model/user.go:196.50,198.16 2 0
github.com/rmcguinness/gemini_task_engine/pkg/model/user.go:198.16,200.3 1 0
github.com/rmcguinness/gemini_task_engine/pkg/model/user.go:201.2,202.31 2 0
github.com/rmcguinness/gemini_task_engine/pkg/model/user.go:218.53,220.17 2 0
github.com/rmcguinness/gemini_task_engine/pkg/model/user.go:220.17,222.3 1 0
github.com/rmcguinness/gemini_task_engine/pkg/model/user.go:222.8,224.3 1 0
github.com/rmcguinness/gemini_task_engine/pkg/model/user.go:228.49,230.2 1 0
github.com/rmcguinness/gemini_task_engine/pkg/persistence/db.go:46.45,50.32 3 0
github.com/rmcguinness/gemini_task_engine/pkg/persistence/db.go:50.32,52.49 2 0
github.com/rmcguinness/gemini_task_engine/pkg/persistence/db.go:52.49,54.24 2 0
github.com/rmcguinness/gemini_task_engine/pkg/persistence/db.go:54.24,56.5 1 0
github.com/rmcguinness/gemini_task_engine/pkg/persistence/db.go:58.4,59.18 2 0
github.com/rmcguinness/gemini_task_engine/pkg/persistence/db.go:59.18,61.5 1 0
github.com/rmcguinness/gemini_task_engine/pkg/persistence/db.go:62.4,63.24 2 0
github.com/rmcguinness/gemini_task_engine/pkg/persistence/db.go:63.24,65.5 1 0
github.com/rmcguinness/gemini_task_engine/pkg/persistence/db.go:66.4,66.26 1 0
github.com/rmcguinness/gemini_task_engine/pkg/persistence/db.go:66.26,68.5 1 0
github.com/rmcguinness/gemini_task_engine/pkg/persistence/db.go:70.4,71.21 2 0
github.com/rmcguinness/gemini_task_engine/pkg/persistence/db.go:71.21,73.5 1 0
github.com/rmcguinness/gemini_task_engine/pkg/persistence/db.go:75.4,75.79 1 0
github.com/rmcguinness/gemini_task_engine/pkg/persistence/db.go:75.79,77.5 1 0
github.com/rmcguinness/gemini_task_engine/pkg/persistence/db.go:79.4,82.23 2 0
github.com/rmcguinness/gemini_task_engine/pkg/persistence/db.go:83.9,85.4 1 0
github.com/rmcguinness/gemini_task_engine/pkg/persistence/db.go:86.8,86.53 1 0
github.com/rmcguinness/gemini_task_engine/pkg/persistence/db.go:86.53,88.23 2 0
github.com/rmcguinness/gemini_task_engine/pkg/persistence/db.go:88.23,90.4 1 0
github.com/rmcguinness/gemini_task_engine/pkg/persistence/db.go:92.3,93.17 2 0
github.com/rmcguinness/gemini_task_engine/pkg/persistence/db.go:93.17,95.4 1 0
github.com/rmcguinness/gemini_task_engine/pkg/persistence/db.go:96.3,97.23 2 0
github.com/rmcguinness/gemini_task_engine/pkg/persistence/db.go:97.23,99.4 1 0
github.com/rmcguinness/gemini_task_engine/pkg/persistence/db.go:100.3,100.25 1 0
github.com/rmcguinness/gemini_task_engine/pkg/persistence/db.go:100.25,102.4 1 0
github.com/rmcguinness/gemini_task_engine/pkg/persistence/db.go:104.3,105.20 2 0
github.com/rmcguinness/gemini_task_engine/pkg/persistence/db.go:105.20,107.4 1 0
github.com/rmcguinness/gemini_task_engine/pkg/persistence/db.go:109.3,109.78 1 0
github.com/rmcguinness/gemini_task_engine/pkg/persistence/db.go:109.78,111.4 1 0
github.com/rmcguinness/gemini_task_engine/pkg/persistence/db.go:113.3,116.22 2 0
github.com/rmcguinness/gemini_task_engine/pkg/persistence/db.go:117.8,121.3 2 0
github.com/rmcguinness/gemini_task_engine/pkg/persistence/db.go:123.2,123.16 1 0
github.com/rmcguinness/gemini_task_engine/pkg/persistence/db.go:123.16,125.3 1 0
github.com/rmcguinness/gemini_task_engine/pkg/persistence/db.go:128.2,129.20 2 0
github.com/rmcguinness/gemini_task_engine/pkg/persistence/db.go:129.20,133.3 3 0
github.com/rmcguinness/gemini_task_engine/pkg/persistence/db.go:135.2,135.16 1 0
github.com/rmcguinness/gemini_task_engine/pkg/persistence/db.go:143.96,145.2 1 0
github.com/rmcguinness/gemini_task_engine/pkg/persistence/db.go:147.115,149.2 1 0
github.com/rmcguinness/gemini_task_engine/pkg/persistence/db.go:151.115,153.2 1 0
github.com/rmcguinness/gemini_task_engine/pkg/persistence/db.go:155.108,157.2 1 0
github.com/rmcguinness/gemini_task_engine/pkg/persistence/db.go:160.48,165.2 2 0
github.com/rmcguinness/gemini_task_engine/pkg/persistence/organization.go:40.68,42.2 1 0
github.com/rmcguinness/gemini_task_engine/pkg/persistence/organization.go:44.91,46.2 1 0
github.com/rmcguinness/gemini_task_engine/pkg/persistence/organization.go:48.104,52.2 3 0
github.com/rmcguinness/gemini_task_engine/pkg/persistence/organization.go:54.91,56.2 1 0
github.com/rmcguinness/gemini_task_engine/pkg/persistence/organization.go:58.79,60.2 1 0
github.com/rmcguinness/gemini_task_engine/pkg/persistence/organization.go:62.100,65.2 2 0
github.com/rmcguinness/gemini_task_engine/pkg/persistence/organization.go:67.91,71.2 3 0
github.com/rmcguinness/gemini_task_engine/pkg/persistence/organization.go:73.115,77.2 3 0
github.com/rmcguinness/gemini_task_engine/pkg/persistence/shift_agent_session.go:40.78,42.2 1 0
github.com/rmcguinness/gemini_task_engine/pkg/persistence/shift_agent_session.go:44.101,46.2 1 0
github.com/rmcguinness/gemini_task_engine/pkg/persistence/shift_agent_session.go:48.114,52.2 3 0
github.com/rmcguinness/gemini_task_engine/pkg/persistence/shift_agent_session.go:54.142,58.2 3 0
github.com/rmcguinness/gemini_task_engine/pkg/persistence/shift_agent_session.go:60.101,62.2 1 0
github.com/rmcguinness/gemini_task_engine/pkg/persistence/shift_agent_session.go:64.101,68.2 3 0
github.com/rmcguinness/gemini_task_engine/pkg/persistence/shift_agent_session.go:70.125,74.2 3 0
github.com/rmcguinness/gemini_task_engine/pkg/persistence/shift_agent_session.go:76.84,78.2 1 0
github.com/rmcguinness/gemini_task_engine/pkg/persistence/site.go:51.52,53.2 1 0
github.com/rmcguinness/gemini_task_engine/pkg/persistence/site.go:55.75,57.2 1 0
github.com/rmcguinness/gemini_task_engine/pkg/persistence/site.go:59.88,63.2 3 0
github.com/rmcguinness/gemini_task_engine/pkg/persistence/site.go:65.75,67.2 1 0
github.com/rmcguinness/gemini_task_engine/pkg/persistence/site.go:69.71,71.2 1 0
github.com/rmcguinness/gemini_task_engine/pkg/persistence/site.go:73.75,75.64 2 0
github.com/rmcguinness/gemini_task_engine/pkg/persistence/site.go:75.64,77.3 1 0
github.com/rmcguinness/gemini_task_engine/pkg/persistence/site.go:78.2,78.18 1 0
github.com/rmcguinness/gemini_task_engine/pkg/persistence/site.go:81.99,83.92 2 0
github.com/rmcguinness/gemini_task_engine/pkg/persistence/site.go:83.92,85.3 1 0
github.com/rmcguinness/gemini_task_engine/pkg/persistence/site.go:86.2,86.18 1 0
github.com/rmcguinness/gemini_task_engine/pkg/persistence/site.go:89.87,91.2 1 0
github.com/rmcguinness/gemini_task_engine/pkg/persistence/site.go:93.100,97.2 3 0
github.com/rmcguinness/gemini_task_engine/pkg/persistence/site.go:99.87,101.2 1 0
github.com/rmcguinness/gemini_task_engine/pkg/persistence/site.go:103.79,105.2 1 0
github.com/rmcguinness/gemini_task_engine/pkg/persistence/site.go:107.88,111.2 3 0
github.com/rmcguinness/gemini_task_engine/pkg/persistence/site.go:113.112,117.2 3 0
github.com/rmcguinness/gemini_task_engine/pkg/persistence/site.go:119.81,121.2 1 0
github.com/rmcguinness/gemini_task_engine/pkg/persistence/site.go:123.94,127.2 3 0
github.com/rmcguinness/gemini_task_engine/pkg/persistence/site.go:129.81,131.2 1 0
github.com/rmcguinness/gemini_task_engine/pkg/persistence/site.go:133.76,135.2 1 0
github.com/rmcguinness/gemini_task_engine/pkg/persistence/site.go:137.82,141.2 3 0
github.com/rmcguinness/gemini_task_engine/pkg/persistence/site.go:143.106,147.2 3 0
github.com/rmcguinness/gemini_task_engine/pkg/persistence/sop.go:47.50,49.2 1 0
github.com/rmcguinness/gemini_task_engine/pkg/persistence/sop.go:51.73,53.2 1 0
github.com/rmcguinness/gemini_task_engine/pkg/persistence/sop.go:55.86,59.2 3 0
github.com/rmcguinness/gemini_task_engine/pkg/persistence/sop.go:61.73,63.2 1 0
github.com/rmcguinness/gemini_task_engine/pkg/persistence/sop.go:65.87,67.2 1 0
github.com/rmcguinness/gemini_task_engine/pkg/persistence/sop.go:69.100,73.2 3 0
github.com/rmcguinness/gemini_task_engine/pkg/persistence/sop.go:75.87,77.2 1 0
github.com/rmcguinness/gemini_task_engine/pkg/persistence/sop.go:79.91,81.2 1 0
github.com/rmcguinness/gemini_task_engine/pkg/persistence/sop.go:83.131,91.2 3 0
github.com/rmcguinness/gemini_task_engine/pkg/persistence/sop.go:93.73,97.2 3 0
github.com/rmcguinness/gemini_task_engine/pkg/persistence/sop.go:99.97,103.2 3 0
github.com/rmcguinness/gemini_task_engine/pkg/persistence/sop.go:105.70,107.2 1 0
github.com/rmcguinness/gemini_task_engine/pkg/persistence/sop.go:109.89,113.2 3 0
github.com/rmcguinness/gemini_task_engine/pkg/persistence/sop.go:115.113,119.2 3 0
github.com/rmcguinness/gemini_task_engine/pkg/persistence/sop.go:121.77,123.2 1 0
github.com/rmcguinness/gemini_task_engine/pkg/persistence/task.go:40.52,42.2 1 0
github.com/rmcguinness/gemini_task_engine/pkg/persistence/task.go:44.75,46.2 1 0
github.com/rmcguinness/gemini_task_engine/pkg/persistence/task.go:48.88,52.2 3 0
github.com/rmcguinness/gemini_task_engine/pkg/persistence/task.go:54.75,56.2 1 0
github.com/rmcguinness/gemini_task_engine/pkg/persistence/task.go:58.71,60.2 1 0
github.com/rmcguinness/gemini_task_engine/pkg/persistence/task.go:62.99,64.2 1 0
github.com/rmcguinness/gemini_task_engine/pkg/persistence/task.go:66.75,70.2 3 0
github.com/rmcguinness/gemini_task_engine/pkg/persistence/task.go:72.99,76.2 3 0
github.com/rmcguinness/gemini_task_engine/pkg/persistence/task_execution.go:49.70,51.2 1 0
github.com/rmcguinness/gemini_task_engine/pkg/persistence/task_execution.go:53.93,55.2 1 0
github.com/rmcguinness/gemini_task_engine/pkg/persistence/task_execution.go:57.106,61.2 3 0
github.com/rmcguinness/gemini_task_engine/pkg/persistence/task_execution.go:63.93,65.2 1 0
github.com/rmcguinness/gemini_task_engine/pkg/persistence/task_execution.go:67.112,81.2 3 0
github.com/rmcguinness/gemini_task_engine/pkg/persistence/task_execution.go:83.114,97.2 3 0
github.com/rmcguinness/gemini_task_engine/pkg/persistence/task_execution.go:99.128,105.100 4 0
github.com/rmcguinness/gemini_task_engine/pkg/persistence/task_execution.go:105.100,106.35 1 0
github.com/rmcguinness/gemini_task_engine/pkg/persistence/task_execution.go:106.35,107.92 1 0
github.com/rmcguinness/gemini_task_engine/pkg/persistence/task_execution.go:107.92,109.10 2 0
github.com/rmcguinness/gemini_task_engine/pkg/persistence/task_execution.go:115.2,123.15 2 0
github.com/rmcguinness/gemini_task_engine/pkg/persistence/task_execution.go:123.15,129.3 2 0
github.com/rmcguinness/gemini_task_engine/pkg/persistence/task_execution.go:132.2,135.18 2 0
github.com/rmcguinness/gemini_task_engine/pkg/persistence/task_execution.go:138.94,140.2 1 0
github.com/rmcguinness/gemini_task_engine/pkg/persistence/task_execution.go:142.107,146.2 3 0
github.com/rmcguinness/gemini_task_engine/pkg/persistence/task_execution.go:148.94,150.2 1 0
github.com/rmcguinness/gemini_task_engine/pkg/persistence/task_execution.go:152.124,156.2 3 0
github.com/rmcguinness/gemini_task_engine/pkg/persistence/task_execution.go:158.130,162.2 3 0
github.com/rmcguinness/gemini_task_engine/pkg/persistence/task_execution.go:164.103,166.2 1 0
github.com/rmcguinness/gemini_task_engine/pkg/persistence/task_execution.go:168.93,172.2 3 0
github.com/rmcguinness/gemini_task_engine/pkg/persistence/task_execution.go:174.117,178.2 3 0
github.com/rmcguinness/gemini_task_engine/pkg/persistence/task_execution.go:180.80,182.2 1 0
github.com/rmcguinness/gemini_task_engine/pkg/persistence/task_execution.go:184.109,194.2 3 0
github.com/rmcguinness/gemini_task_engine/pkg/persistence/user.go:48.52,50.2 1 0
github.com/rmcguinness/gemini_task_engine/pkg/persistence/user.go:52.75,54.2 1 0
github.com/rmcguinness/gemini_task_engine/pkg/persistence/user.go:56.88,60.2 3 0
github.com/rmcguinness/gemini_task_engine/pkg/persistence/user.go:62.75,64.2 1 0
github.com/rmcguinness/gemini_task_engine/pkg/persistence/user.go:66.84,69.2 2 0
github.com/rmcguinness/gemini_task_engine/pkg/persistence/user.go:71.75,75.2 3 0
github.com/rmcguinness/gemini_task_engine/pkg/persistence/user.go:77.99,81.2 3 0
github.com/rmcguinness/gemini_task_engine/pkg/persistence/user.go:83.71,85.2 1 0
github.com/rmcguinness/gemini_task_engine/pkg/persistence/user.go:87.108,99.2 3 0
github.com/rmcguinness/gemini_task_engine/pkg/persistence/user.go:101.82,103.2 1 0
github.com/rmcguinness/gemini_task_engine/pkg/persistence/user.go:105.92,109.2 3 0
github.com/rmcguinness/gemini_task_engine/pkg/persistence/user.go:111.82,113.2 1 0
github.com/rmcguinness/gemini_task_engine/pkg/persistence/user.go:115.75,117.2 1 0
github.com/rmcguinness/gemini_task_engine/pkg/persistence/user.go:119.80,123.2 3 0
github.com/rmcguinness/gemini_task_engine/pkg/persistence/user.go:125.104,129.2 3 0
github.com/rmcguinness/gemini_task_engine/pkg/persistence/user.go:131.106,135.2 3 0
github.com/rmcguinness/gemini_task_engine/pkg/service/admin.go:99.16,106.2 1 0
github.com/rmcguinness/gemini_task_engine/pkg/service/admin.go:108.82,110.2 1 0
github.com/rmcguinness/gemini_task_engine/pkg/service/admin.go:112.89,114.2 1 0
github.com/rmcguinness/gemini_task_engine/pkg/service/admin.go:116.80,118.2 1 0
github.com/rmcguinness/gemini_task_engine/pkg/service/admin.go:120.73,122.2 1 0
github.com/rmcguinness/gemini_task_engine/pkg/service/admin.go:124.78,126.2 1 0
github.com/rmcguinness/gemini_task_engine/pkg/service/admin.go:128.102,130.2 1 0
github.com/rmcguinness/gemini_task_engine/pkg/service/admin.go:132.85,134.2 1 0
github.com/rmcguinness/gemini_task_engine/pkg/service/admin.go:136.108,138.2 1 0
github.com/rmcguinness/gemini_task_engine/pkg/service/admin.go:140.80,142.2 1 0
github.com/rmcguinness/gemini_task_engine/pkg/service/admin.go:144.89,146.2 1 0
github.com/rmcguinness/gemini_task_engine/pkg/service/admin.go:148.80,150.2 1 0
github.com/rmcguinness/gemini_task_engine/pkg/service/admin.go:152.73,154.2 1 0
github.com/rmcguinness/gemini_task_engine/pkg/service/admin.go:156.78,158.2 1 0
github.com/rmcguinness/gemini_task_engine/pkg/service/admin.go:160.102,162.2 1 0
github.com/rmcguinness/gemini_task_engine/pkg/service/admin.go:164.97,166.2 1 0
github.com/rmcguinness/gemini_task_engine/pkg/service/admin.go:168.105,170.2 1 0
github.com/rmcguinness/gemini_task_engine/pkg/service/admin.go:172.95,174.2 1 0
github.com/rmcguinness/gemini_task_engine/pkg/service/admin.go:176.81,178.2 1 0
github.com/rmcguinness/gemini_task_engine/pkg/service/admin.go:180.98,182.2 1 0
github.com/rmcguinness/gemini_task_engine/pkg/service/admin.go:184.94,186.2 1 0
github.com/rmcguinness/gemini_task_engine/pkg/service/admin.go:188.118,190.2 1 0
github.com/rmcguinness/gemini_task_engine/pkg/service/admin.go:192.82,194.2 1 0
github.com/rmcguinness/gemini_task_engine/pkg/service/admin.go:196.89,198.2 1 0
github.com/rmcguinness/gemini_task_engine/pkg/service/admin.go:200.80,202.2 1 0
github.com/rmcguinness/gemini_task_engine/pkg/service/admin.go:204.73,206.2 1 0
github.com/rmcguinness/gemini_task_engine/pkg/service/admin.go:208.78,210.2 1 0
github.com/rmcguinness/gemini_task_engine/pkg/service/admin.go:212.102,214.2 1 0
github.com/rmcguinness/gemini_task_engine/pkg/service/admin.go:216.89,218.2 1 0
github.com/rmcguinness/gemini_task_engine/pkg/service/admin.go:220.97,222.2 1 0
github.com/rmcguinness/gemini_task_engine/pkg/service/admin.go:224.87,226.2 1 0
github.com/rmcguinness/gemini_task_engine/pkg/service/admin.go:228.77,230.2 1 0
github.com/rmcguinness/gemini_task_engine/pkg/service/admin.go:232.86,234.2 1 0
github.com/rmcguinness/gemini_task_engine/pkg/service/admin.go:236.110,238.2 1 0
github.com/rmcguinness/gemini_task_engine/pkg/service/admin.go:240.85,242.2 1 0
github.com/rmcguinness/gemini_task_engine/pkg/service/admin.go:244.91,246.2 1 0
github.com/rmcguinness/gemini_task_engine/pkg/service/admin.go:248.83,250.2 1 0
github.com/rmcguinness/gemini_task_engine/pkg/service/admin.go:252.74,254.2 1 0
github.com/rmcguinness/gemini_task_engine/pkg/service/admin.go:256.80,258.2 1 0
github.com/rmcguinness/gemini_task_engine/pkg/service/admin.go:260.104,262.2 1 0
github.com/rmcguinness/gemini_task_engine/pkg/service/admin.go:264.88,266.2 1 0
github.com/rmcguinness/gemini_task_engine/pkg/service/admin.go:268.97,270.2 1 0
github.com/rmcguinness/gemini_task_engine/pkg/service/admin.go:272.88,274.2 1 0
github.com/rmcguinness/gemini_task_engine/pkg/service/admin.go:276.81,278.2 1 0
github.com/rmcguinness/gemini_task_engine/pkg/service/admin.go:280.86,282.2 1 0
github.com/rmcguinness/gemini_task_engine/pkg/service/admin.go:284.110,286.2 1 0
github.com/rmcguinness/gemini_task_engine/pkg/service/automation.go:57.21,66.2 1 0
github.com/rmcguinness/gemini_task_engine/pkg/service/automation.go:68.124,69.27 1 0
github.com/rmcguinness/gemini_task_engine/pkg/service/automation.go:69.27,71.3 1 0
github.com/rmcguinness/gemini_task_engine/pkg/service/automation.go:77.2,88.39 4 0
github.com/rmcguinness/gemini_task_engine/pkg/service/automation.go:88.39,92.17 3 0
github.com/rmcguinness/gemini_task_engine/pkg/service/automation.go:92.17,107.65 3 0
github.com/rmcguinness/gemini_task_engine/pkg/service/automation.go:107.65,109.5 1 0
github.com/rmcguinness/gemini_task_engine/pkg/service/automation.go:111.3,111.44 1 0
github.com/rmcguinness/gemini_task_engine/pkg/service/automation.go:114.2,115.37 2 0
github.com/rmcguinness/gemini_task_engine/pkg/service/automation.go:115.37,127.59 3 0
github.com/rmcguinness/gemini_task_engine/pkg/service/automation.go:127.59,129.4 1 0
github.com/rmcguinness/gemini_task_engine/pkg/service/automation.go:130.3,130.49 1 0
github.com/rmcguinness/gemini_task_engine/pkg/service/automation.go:133.2,133.26 1 0
github.com/rmcguinness/gemini_task_engine/pkg/service/automation.go:142.33,143.58 1 0
github.com/rmcguinness/gemini_task_engine/pkg/service/automation.go:143.58,145.3 1 0
github.com/rmcguinness/gemini_task_engine/pkg/service/automation.go:149.2,152.19 3 0
github.com/rmcguinness/gemini_task_engine/pkg/service/automation.go:153.33,155.65 2 0
github.com/rmcguinness/gemini_task_engine/pkg/service/automation.go:156.34,158.65 2 0
github.com/rmcguinness/gemini_task_engine/pkg/service/automation.go:159.37,161.65 2 0
github.com/rmcguinness/gemini_task_engine/pkg/service/automation.go:162.10,164.65 2 0
github.com/rmcguinness/gemini_task_engine/pkg/service/automation.go:168.2,169.16 2 0
github.com/rmcguinness/gemini_task_engine/pkg/service/automation.go:169.16,174.20 3 0
github.com/rmcguinness/gemini_task_engine/pkg/service/automation.go:175.34,181.5 2 0
github.com/rmcguinness/gemini_task_engine/pkg/service/automation.go:182.35,188.5 2 0
github.com/rmcguinness/gemini_task_engine/pkg/service/automation.go:189.38,194.5 2 0
github.com/rmcguinness/gemini_task_engine/pkg/service/automation.go:195.11,200.5 2 0
github.com/rmcguinness/gemini_task_engine/pkg/service/automation.go:203.3,214.64 3 0
github.com/rmcguinness/gemini_task_engine/pkg/service/automation.go:214.64,216.4 1 0
github.com/rmcguinness/gemini_task_engine/pkg/service/automation.go:223.2,228.35 4 0
github.com/rmcguinness/gemini_task_engine/pkg/service/automation.go:228.35,230.41 2 0
github.com/rmcguinness/gemini_task_engine/pkg/service/automation.go:230.41,232.4 1 0
github.com/rmcguinness/gemini_task_engine/pkg/service/automation.go:235.2,236.32 2 0
github.com/rmcguinness/gemini_task_engine/pkg/service/automation.go:236.32,238.3 1 0
github.com/rmcguinness/gemini_task_engine/pkg/service/automation.go:241.2,253.58 3 0
github.com/rmcguinness/gemini_task_engine/pkg/service/automation.go:253.58,255.3 1 0
github.com/rmcguinness/gemini_task_engine/pkg/service/automation.go:257.2,257.23 1 0
github.com/rmcguinness/gemini_task_engine/pkg/service/automation.go:260.87,262.2 1 0
github.com/rmcguinness/gemini_task_engine/pkg/service/rag.go:44.56,46.2 1 0
github.com/rmcguinness/gemini_task_engine/pkg/service/rag.go:48.119,52.28 3 0
github.com/rmcguinness/gemini_task_engine/pkg/service/rag.go:52.28,54.3 1 0
github.com/rmcguinness/gemini_task_engine/pkg/service/rag.go:55.2,55.27 1 0
github.com/rmcguinness/gemini_task_engine/pkg/service/rag.go:55.27,57.3 1 0
github.com/rmcguinness/gemini_task_engine/pkg/service/rag.go:58.2,58.20 1 0
github.com/rmcguinness/gemini_task_engine/pkg/service/rag.go:71.69,73.2 1 0
github.com/rmcguinness/gemini_task_engine/pkg/service/rag.go:75.70,77.2 1 0
github.com/rmcguinness/gemini_task_engine/pkg/service/rag.go:108.99,114.2 1 0
github.com/rmcguinness/gemini_task_engine/pkg/service/rag.go:117.128,123.2 1 0
github.com/rmcguinness/gemini_task_engine/pkg/service/rag.go:125.77,127.2 1 0
github.com/rmcguinness/gemini_task_engine/pkg/service/rag.go:129.86,131.2 1 0
github.com/rmcguinness/gemini_task_engine/pkg/service/rag.go:133.124,135.2 1 0
github.com/rmcguinness/gemini_task_engine/pkg/service/rag.go:137.132,138.39 1 0
github.com/rmcguinness/gemini_task_engine/pkg/service/rag.go:138.39,140.3 1 0
github.com/rmcguinness/gemini_task_engine/pkg/service/rag.go:142.2,147.51 2 0
github.com/rmcguinness/gemini_task_engine/pkg/service/rag.go:147.51,149.3 1 0
github.com/rmcguinness/gemini_task_engine/pkg/service/rag.go:151.2,162.62 4 0
github.com/rmcguinness/gemini_task_engine/pkg/service/rag.go:162.62,164.3 1 0
github.com/rmcguinness/gemini_task_engine/pkg/service/rag.go:167.2,169.26 2 0
github.com/rmcguinness/gemini_task_engine/pkg/service/rag.go:172.87,173.17 1 0
github.com/rmcguinness/gemini_task_engine/pkg/service/rag.go:173.17,175.3 1 0
github.com/rmcguinness/gemini_task_engine/pkg/service/rag.go:177.2,178.16 2 0
github.com/rmcguinness/gemini_task_engine/pkg/service/rag.go:178.16,180.3 1 0
github.com/rmcguinness/gemini_task_engine/pkg/service/rag.go:182.2,183.93 2 0
github.com/rmcguinness/gemini_task_engine/pkg/service/rag.go:183.93,184.61 1 0
github.com/rmcguinness/gemini_task_engine/pkg/service/rag.go:184.61,186.4 1 0
github.com/rmcguinness/gemini_task_engine/pkg/service/rag.go:187.8,190.3 1 0
github.com/rmcguinness/gemini_task_engine/pkg/service/rag.go:193.2,194.51 2 0
github.com/rmcguinness/gemini_task_engine/pkg/service/rag.go:194.51,195.17 1 0
github.com/rmcguinness/gemini_task_engine/pkg/service/rag.go:195.17,197.4 1 0
github.com/rmcguinness/gemini_task_engine/pkg/service/rag.go:198.3,198.81 1 0
github.com/rmcguinness/gemini_task_engine/pkg/service/rag.go:200.2,203.29 3 0
github.com/rmcguinness/gemini_task_engine/pkg/service/rag.go:203.29,207.43 3 0
github.com/rmcguinness/gemini_task_engine/pkg/service/rag.go:207.43,208.32 1 0
github.com/rmcguinness/gemini_task_engine/pkg/service/rag.go:208.32,210.5 1 0
github.com/rmcguinness/gemini_task_engine/pkg/service/rag.go:211.9,211.61 1 0
github.com/rmcguinness/gemini_task_engine/pkg/service/rag.go:211.61,212.62 1 0
github.com/rmcguinness/gemini_task_engine/pkg/service/rag.go:212.62,213.51 1 0
github.com/rmcguinness/gemini_task_engine/pkg/service/rag.go:213.51,215.6 1 0
github.com/rmcguinness/gemini_task_engine/pkg/service/rag.go:218.8,223.44 4 0
github.com/rmcguinness/gemini_task_engine/pkg/service/rag.go:223.44,225.4 1 0
github.com/rmcguinness/gemini_task_engine/pkg/service/rag.go:225.9,228.61 2 0
github.com/rmcguinness/gemini_task_engine/pkg/service/rag.go:228.61,231.19 3 0
github.com/rmcguinness/gemini_task_engine/pkg/service/rag.go:231.19,234.46 3 0
github.com/rmcguinness/gemini_task_engine/pkg/service/rag.go:234.46,236.7 1 0
github.com/rmcguinness/gemini_task_engine/pkg/service/rag.go:242.2,242.13 1 0
github.com/rmcguinness/gemini_task_engine/pkg/service/rag.go:242.13,254.63 4 0
github.com/rmcguinness/gemini_task_engine/pkg/service/rag.go:254.63,256.4 1 0
github.com/rmcguinness/gemini_task_engine/pkg/service/rag.go:258.3,259.19 2 0
github.com/rmcguinness/gemini_task_engine/pkg/service/rag.go:263.2,266.51 4 0
github.com/rmcguinness/gemini_task_engine/pkg/service/rag.go:266.51,268.3 1 0
github.com/rmcguinness/gemini_task_engine/pkg/service/rag.go:270.2,270.19 1 0
github.com/rmcguinness/gemini_task_engine/pkg/service/rag.go:273.87,275.46 2 0
github.com/rmcguinness/gemini_task_engine/pkg/service/rag.go:275.46,276.17 1 0
github.com/rmcguinness/gemini_task_engine/pkg/service/rag.go:276.17,278.4 1 0
github.com/rmcguinness/gemini_task_engine/pkg/service/rag.go:279.3,280.9 2 0
github.com/rmcguinness/gemini_task_engine/pkg/service/rag.go:284.2,285.51 2 0
github.com/rmcguinness/gemini_task_engine/pkg/service/rag.go:285.51,286.17 1 0
github.com/rmcguinness/gemini_task_engine/pkg/service/rag.go:286.17,288.4 1 0
github.com/rmcguinness/gemini_task_engine/pkg/service/rag.go:289.3,290.9 2 0
github.com/rmcguinness/gemini_task_engine/pkg/service/rag.go:292.2,294.38 2 0
github.com/rmcguinness/gemini_task_engine/pkg/service/rag.go:294.38,297.3 2 0
github.com/rmcguinness/gemini_task_engine/pkg/service/rag.go:299.2,300.16 2 0
github.com/rmcguinness/gemini_task_engine/pkg/service/rag.go:300.16,303.3 2 0
github.com/rmcguinness/gemini_task_engine/pkg/service/rag.go:306.2,308.48 3 0
github.com/rmcguinness/gemini_task_engine/pkg/service/rag.go:308.48,310.3 1 0
github.com/rmcguinness/gemini_task_engine/pkg/service/rag.go:310.8,310.61 1 0
github.com/rmcguinness/gemini_task_engine/pkg/service/rag.go:310.61,312.3 1 0
github.com/rmcguinness/gemini_task_engine/pkg/service/rag.go:312.8,312.132 1 0
github.com/rmcguinness/gemini_task_engine/pkg/service/rag.go:312.132,314.3 1 0
github.com/rmcguinness/gemini_task_engine/pkg/service/rag.go:314.8,314.59 1 0
github.com/rmcguinness/gemini_task_engine/pkg/service/rag.go:314.59,316.3 1 0
github.com/rmcguinness/gemini_task_engine/pkg/service/rag.go:318.2,321.24 3 0
github.com/rmcguinness/gemini_task_engine/pkg/service/rag.go:321.24,323.20 2 0
github.com/rmcguinness/gemini_task_engine/pkg/service/rag.go:323.20,324.62 1 0
github.com/rmcguinness/gemini_task_engine/pkg/service/rag.go:324.62,326.5 1 0
github.com/rmcguinness/gemini_task_engine/pkg/service/rag.go:328.3,328.23 1 0
github.com/rmcguinness/gemini_task_engine/pkg/service/rag.go:328.23,330.65 2 0
github.com/rmcguinness/gemini_task_engine/pkg/service/rag.go:330.65,332.5 1 0
github.com/rmcguinness/gemini_task_engine/pkg/service/rag.go:334.3,334.23 1 0
github.com/rmcguinness/gemini_task_engine/pkg/service/rag.go:334.23,337.4 2 0
github.com/rmcguinness/gemini_task_engine/pkg/service/rag.go:338.8,341.3 2 0
github.com/rmcguinness/gemini_task_engine/pkg/service/rag.go:344.2,347.27 2 0
github.com/rmcguinness/gemini_task_engine/pkg/service/rag.go:347.27,350.3 2 0
github.com/rmcguinness/gemini_task_engine/pkg/service/rag.go:351.2,355.45 4 0
github.com/rmcguinness/gemini_task_engine/pkg/service/rag.go:355.45,357.23 2 0
github.com/rmcguinness/gemini_task_engine/pkg/service/rag.go:357.23,359.4 1 0
github.com/rmcguinness/gemini_task_engine/pkg/service/rag.go:360.3,364.17 3 0
github.com/rmcguinness/gemini_task_engine/pkg/service/rag.go:364.17,367.4 2 0
github.com/rmcguinness/gemini_task_engine/pkg/service/rag.go:369.3,375.5 1 0
github.com/rmcguinness/gemini_task_engine/pkg/service/rag.go:379.2,379.60 1 0
github.com/rmcguinness/gemini_task_engine/pkg/service/rag.go:379.60,382.3 2 0
github.com/rmcguinness/gemini_task_engine/pkg/service/rag.go:385.2,396.16 3 0
github.com/rmcguinness/gemini_task_engine/pkg/service/rag.go:396.16,399.3 2 0
github.com/rmcguinness/gemini_task_engine/pkg/service/rag.go:401.2,402.51 2 0
github.com/rmcguinness/gemini_task_engine/pkg/service/rag.go:402.51,405.3 2 0
github.com/rmcguinness/gemini_task_engine/pkg/service/rag.go:408.2,409.34 2 0
github.com/rmcguinness/gemini_task_engine/pkg/service/rag.go:409.34,411.3 1 0
github.com/rmcguinness/gemini_task_engine/pkg/service/rag.go:412.2,414.43 3 0
github.com/rmcguinness/gemini_task_engine/pkg/service/rag.go:417.77,419.39 2 0
github.com/rmcguinness/gemini_task_engine/pkg/service/rag.go:419.39,421.3 1 0
github.com/rmcguinness/gemini_task_engine/pkg/service/rag.go:423.2,425.43 3 0
github.com/rmcguinness/gemini_task_engine/pkg/service/rag.go:428.63,430.24 2 0
github.com/rmcguinness/gemini_task_engine/pkg/service/rag.go:430.24,434.3 2 0
github.com/rmcguinness/gemini_task_engine/pkg/service/rag.go:435.2,435.31 1 0
github.com/rmcguinness/gemini_task_engine/pkg/service/rag.go:438.85,440.2 1 0
github.com/rmcguinness/gemini_task_engine/pkg/service/rag.go:442.74,444.2 1 0
github.com/rmcguinness/gemini_task_engine/pkg/service/rag.go:446.98,448.2 1 0
github.com/rmcguinness/gemini_task_engine/pkg/service/rag.go:450.70,452.2 1 0
github.com/rmcguinness/gemini_task_engine/pkg/service/rag.go:454.96,456.2 1 0
github.com/rmcguinness/gemini_task_engine/pkg/service/rag.go:458.86,460.2 1 0
github.com/rmcguinness/gemini_task_engine/pkg/service/rag.go:462.110,464.2 1 0
github.com/rmcguinness/gemini_task_engine/pkg/service/rag.go:466.74,468.2 1 0
github.com/rmcguinness/gemini_task_engine/pkg/service/scheduler.go:57.137,59.16 2 0
github.com/rmcguinness/gemini_task_engine/pkg/service/scheduler.go:59.16,61.3 1 0
github.com/rmcguinness/gemini_task_engine/pkg/service/scheduler.go:62.2,63.16 2 0
github.com/rmcguinness/gemini_task_engine/pkg/service/scheduler.go:63.16,65.3 1 0
github.com/rmcguinness/gemini_task_engine/pkg/service/scheduler.go:66.2,68.16 3 0
github.com/rmcguinness/gemini_task_engine/pkg/service/scheduler.go:68.16,71.3 2 0
github.com/rmcguinness/gemini_task_engine/pkg/service/scheduler.go:72.2,72.14 1 0
github.com/rmcguinness/gemini_task_engine/pkg/service/scheduler.go:72.14,75.3 2 0
github.com/rmcguinness/gemini_task_engine/pkg/service/scheduler.go:76.2,77.19 2 0
github.com/rmcguinness/gemini_task_engine/pkg/service/scheduler.go:80.120,81.18 1 0
github.com/rmcguinness/gemini_task_engine/pkg/service/scheduler.go:81.18,86.3 4 0
github.com/rmcguinness/gemini_task_engine/pkg/service/scheduler.go:87.2,87.12 1 0
github.com/rmcguinness/gemini_task_engine/pkg/service/scheduler.go:90.110,91.17 1 0
github.com/rmcguinness/gemini_task_engine/pkg/service/scheduler.go:91.17,93.3 1 0
github.com/rmcguinness/gemini_task_engine/pkg/service/scheduler.go:94.2,107.19 5 0
github.com/rmcguinness/gemini_task_engine/pkg/service/scheduler.go:110.145,112.67 2 0
github.com/rmcguinness/gemini_task_engine/pkg/service/scheduler.go:112.67,122.17 2 0
github.com/rmcguinness/gemini_task_engine/pkg/service/scheduler.go:122.17,124.4 1 0
github.com/rmcguinness/gemini_task_engine/pkg/service/scheduler.go:125.3,125.26 1 0
github.com/rmcguinness/gemini_task_engine/pkg/service/scheduler.go:125.26,127.33 2 0
github.com/rmcguinness/gemini_task_engine/pkg/service/scheduler.go:127.33,129.5 1 0
github.com/rmcguinness/gemini_task_engine/pkg/service/scheduler.go:130.4,138.14 3 0
github.com/rmcguinness/gemini_task_engine/pkg/service/scheduler.go:140.3,140.13 1 0
github.com/rmcguinness/gemini_task_engine/pkg/service/scheduler.go:142.2,142.24 1 0
github.com/rmcguinness/gemini_task_engine/pkg/service/scheduler.go:145.146,147.67 2 0
github.com/rmcguinness/gemini_task_engine/pkg/service/scheduler.go:147.67,156.17 2 0
github.com/rmcguinness/gemini_task_engine/pkg/service/scheduler.go:156.17,158.4 1 0
github.com/rmcguinness/gemini_task_engine/pkg/service/scheduler.go:159.3,159.25 1 0
github.com/rmcguinness/gemini_task_engine/pkg/service/scheduler.go:159.25,161.32 2 0
github.com/rmcguinness/gemini_task_engine/pkg/service/scheduler.go:161.32,163.5 1 0
github.com/rmcguinness/gemini_task_engine/pkg/service/scheduler.go:164.4,172.14 3 0
github.com/rmcguinness/gemini_task_engine/pkg/service/scheduler.go:174.3,174.13 1 0
github.com/rmcguinness/gemini_task_engine/pkg/service/scheduler.go:176.2,176.23 1 0
github.com/rmcguinness/gemini_task_engine/pkg/service/scheduler.go:192.76,193.15 1 0
github.com/rmcguinness/gemini_task_engine/pkg/service/scheduler.go:193.15,195.3 1 0
github.com/rmcguinness/gemini_task_engine/pkg/service/scheduler.go:196.2,197.16 2 0
github.com/rmcguinness/gemini_task_engine/pkg/service/scheduler.go:197.16,200.3 2 0
github.com/rmcguinness/gemini_task_engine/pkg/service/scheduler.go:201.2,201.10 1 0
github.com/rmcguinness/gemini_task_engine/pkg/service/scheduler.go:204.48,205.14 1 0
github.com/rmcguinness/gemini_task_engine/pkg/service/scheduler.go:205.14,207.3 1 0
github.com/rmcguinness/gemini_task_engine/pkg/service/scheduler.go:208.2,208.12 1 0
github.com/rmcguinness/gemini_task_engine/pkg/service/scheduler.go:273.141,275.2 1 0
github.com/rmcguinness/gemini_task_engine/pkg/service/scheduler.go:278.172,310.2 10 0
github.com/rmcguinness/gemini_task_engine/pkg/service/scheduler.go:313.181,334.2 2 0
github.com/rmcguinness/gemini_task_engine/pkg/service/scheduler.go:336.44,338.2 1 0
github.com/rmcguinness/gemini_task_engine/pkg/service/scheduler.go:340.49,345.2 4 0
github.com/rmcguinness/gemini_task_engine/pkg/service/scheduler.go:347.53,349.2 1 0
github.com/rmcguinness/gemini_task_engine/pkg/service/scheduler.go:351.44,355.2 3 0
github.com/rmcguinness/gemini_task_engine/pkg/service/scheduler.go:357.56,361.2 3 0
github.com/rmcguinness/gemini_task_engine/pkg/service/scheduler.go:363.61,365.15 2 0
github.com/rmcguinness/gemini_task_engine/pkg/service/scheduler.go:365.15,368.3 2 0
github.com/rmcguinness/gemini_task_engine/pkg/service/scheduler.go:369.2,388.12 13 0
github.com/rmcguinness/gemini_task_engine/pkg/service/scheduler.go:391.41,393.16 2 0
github.com/rmcguinness/gemini_task_engine/pkg/service/scheduler.go:393.16,396.3 2 0
github.com/rmcguinness/gemini_task_engine/pkg/service/scheduler.go:397.2,402.25 4 0
github.com/rmcguinness/gemini_task_engine/pkg/service/scheduler.go:402.25,404.3 1 0
github.com/rmcguinness/gemini_task_engine/pkg/service/scheduler.go:406.2,411.12 4 0
github.com/rmcguinness/gemini_task_engine/pkg/service/scheduler.go:414.78,415.19 1 0
github.com/rmcguinness/gemini_task_engine/pkg/service/scheduler.go:415.19,417.3 1 0
github.com/rmcguinness/gemini_task_engine/pkg/service/scheduler.go:418.2,419.42 2 0
github.com/rmcguinness/gemini_task_engine/pkg/service/scheduler.go:425.68,430.6 4 0
github.com/rmcguinness/gemini_task_engine/pkg/service/scheduler.go:430.6,431.10 1 0
github.com/rmcguinness/gemini_task_engine/pkg/service/scheduler.go:432.21,433.10 1 0
github.com/rmcguinness/gemini_task_engine/pkg/service/scheduler.go:434.19,435.32 1 0
github.com/rmcguinness/gemini_task_engine/pkg/service/scheduler.go:440.71,444.25 3 0
github.com/rmcguinness/gemini_task_engine/pkg/service/scheduler.go:444.25,446.30 2 0
github.com/rmcguinness/gemini_task_engine/pkg/service/scheduler.go:446.30,449.4 2 0
github.com/rmcguinness/gemini_task_engine/pkg/service/scheduler.go:450.3,450.32 1 0
github.com/rmcguinness/gemini_task_engine/pkg/service/scheduler.go:453.2,454.16 2 0
github.com/rmcguinness/gemini_task_engine/pkg/service/scheduler.go:454.16,457.3 2 0
github.com/rmcguinness/gemini_task_engine/pkg/service/scheduler.go:459.2,459.14 1 0
github.com/rmcguinness/gemini_task_engine/pkg/service/scheduler.go:459.14,462.3 2 0
github.com/rmcguinness/gemini_task_engine/pkg/service/scheduler.go:462.8,464.3 1 0
github.com/rmcguinness/gemini_task_engine/pkg/service/scheduler.go:467.48,471.2 3 0
github.com/rmcguinness/gemini_task_engine/pkg/service/scheduler.go:473.56,474.25 1 0
github.com/rmcguinness/gemini_task_engine/pkg/service/scheduler.go:474.25,477.3 2 0
github.com/rmcguinness/gemini_task_engine/pkg/service/scheduler.go:478.2,478.29 1 0
github.com/rmcguinness/gemini_task_engine/pkg/service/scheduler.go:481.60,487.2 5 0
github.com/rmcguinness/gemini_task_engine/pkg/service/scheduler.go:492.69,497.6 4 0
github.com/rmcguinness/gemini_task_engine/pkg/service/scheduler.go:497.6,498.10 1 0
github.com/rmcguinness/gemini_task_engine/pkg/service/scheduler.go:499.21,500.10 1 0
github.com/rmcguinness/gemini_task_engine/pkg/service/scheduler.go:501.19,502.31 1 0
github.com/rmcguinness/gemini_task_engine/pkg/service/scheduler.go:507.70,510.16 3 0
github.com/rmcguinness/gemini_task_engine/pkg/service/scheduler.go:510.16,513.3 2 0
github.com/rmcguinness/gemini_task_engine/pkg/service/scheduler.go:515.2,515.26 1 0
github.com/rmcguinness/gemini_task_engine/pkg/service/scheduler.go:515.26,517.3 1 0
github.com/rmcguinness/gemini_task_engine/pkg/service/scheduler.go:519.2,526.34 6 0
github.com/rmcguinness/gemini_task_engine/pkg/service/scheduler.go:526.34,528.3 1 0
github.com/rmcguinness/gemini_task_engine/pkg/service/scheduler.go:531.95,532.15 1 0
github.com/rmcguinness/gemini_task_engine/pkg/service/scheduler.go:532.15,536.3 3 0
github.com/rmcguinness/gemini_task_engine/pkg/service/scheduler.go:538.2,540.9 2 0
github.com/rmcguinness/gemini_task_engine/pkg/service/scheduler.go:541.20,542.9 1 0
github.com/rmcguinness/gemini_task_engine/pkg/service/scheduler.go:543.44,543.44 0 0
github.com/rmcguinness/gemini_task_engine/pkg/service/scheduler.go:546.2,554.16 8 0
github.com/rmcguinness/gemini_task_engine/pkg/service/scheduler.go:554.16,557.3 2 0
github.com/rmcguinness/gemini_task_engine/pkg/service/scheduler.go:559.2,562.102 4 0
github.com/rmcguinness/gemini_task_engine/pkg/service/scheduler.go:568.75,573.6 4 0
github.com/rmcguinness/gemini_task_engine/pkg/service/scheduler.go:573.6,574.10 1 0
github.com/rmcguinness/gemini_task_engine/pkg/service/scheduler.go:575.21,576.10 1 0
github.com/rmcguinness/gemini_task_engine/pkg/service/scheduler.go:577.19,578.36 1 0
github.com/rmcguinness/gemini_task_engine/pkg/service/scheduler.go:583.75,586.16 3 0
github.com/rmcguinness/gemini_task_engine/pkg/service/scheduler.go:586.16,589.3 2 0
github.com/rmcguinness/gemini_task_engine/pkg/service/scheduler.go:591.2,591.25 1 0
github.com/rmcguinness/gemini_task_engine/pkg/service/scheduler.go:591.25,593.3 1 0
github.com/rmcguinness/gemini_task_engine/pkg/service/scheduler.go:595.2,597.33 2 0
github.com/rmcguinness/gemini_task_engine/pkg/service/scheduler.go:597.33,598.32 1 0
github.com/rmcguinness/gemini_task_engine/pkg/service/scheduler.go:598.32,600.4 1 0
github.com/rmcguinness/gemini_task_engine/pkg/service/scheduler.go:607.72,612.6 4 0
github.com/rmcguinness/gemini_task_engine/pkg/service/scheduler.go:612.6,613.10 1 0
github.com/rmcguinness/gemini_task_engine/pkg/service/scheduler.go:614.21,615.10 1 0
github.com/rmcguinness/gemini_task_engine/pkg/service/scheduler.go:616.19,617.20 1 0
github.com/rmcguinness/gemini_task_engine/pkg/service/scheduler.go:617.20,619.5 1 0
github.com/rmcguinness/gemini_task_engine/pkg/service/scheduler.go:624.75,632.16 4 0
github.com/rmcguinness/gemini_task_engine/pkg/service/scheduler.go:632.16,635.3 2 0
github.com/rmcguinness/gemini_task_engine/pkg/service/scheduler.go:637.2,637.30 1 0
github.com/rmcguinness/gemini_task_engine/pkg/service/scheduler.go:637.30,640.40 2 0
github.com/rmcguinness/gemini_task_engine/pkg/service/scheduler.go:640.40,645.41 4 0
github.com/rmcguinness/gemini_task_engine/pkg/service/scheduler.go:645.41,650.5 4 0
github.com/rmcguinness/gemini_task_engine/pkg/service/scheduler.go:650.10,658.5 7 0
github.com/rmcguinness/gemini_task_engine/pkg/service/scheduler.go:660.4,660.46 1 0
github.com/rmcguinness/gemini_task_engine/pkg/service/scheduler.go:665.2,669.16 3 0
github.com/rmcguinness/gemini_task_engine/pkg/service/scheduler.go:669.16,672.3 2 0
github.com/rmcguinness/gemini_task_engine/pkg/service/scheduler.go:674.2,674.29 1 0
github.com/rmcguinness/gemini_task_engine/pkg/service/scheduler.go:674.29,677.39 2 0
github.com/rmcguinness/gemini_task_engine/pkg/service/scheduler.go:677.39,682.41 4 0
github.com/rmcguinness/gemini_task_engine/pkg/service/scheduler.go:682.41,687.5 4 0
github.com/rmcguinness/gemini_task_engine/pkg/service/scheduler.go:687.10,692.5 4 0
github.com/rmcguinness/gemini_task_engine/pkg/service/scheduler.go:694.4,694.46 1 0
github.com/rmcguinness/gemini_task_engine/pkg/service/scheduler.go:702.77,707.6 4 0
github.com/rmcguinness/gemini_task_engine/pkg/service/scheduler.go:707.6,708.10 1 0
github.com/rmcguinness/gemini_task_engine/pkg/service/scheduler.go:709.21,710.10 1 0
github.com/rmcguinness/gemini_task_engine/pkg/service/scheduler.go:711.19,712.20 1 0
github.com/rmcguinness/gemini_task_engine/pkg/service/scheduler.go:712.20,715.5 2 0
github.com/rmcguinness/gemini_task_engine/pkg/service/scheduler.go:720.72,723.16 3 0
github.com/rmcguinness/gemini_task_engine/pkg/service/scheduler.go:723.16,726.3 2 0
github.com/rmcguinness/gemini_task_engine/pkg/service/scheduler.go:728.2,728.27 1 0
github.com/rmcguinness/gemini_task_engine/pkg/service/scheduler.go:728.27,730.17 2 0
github.com/rmcguinness/gemini_task_engine/pkg/service/scheduler.go:730.17,732.12 2 0
github.com/rmcguinness/gemini_task_engine/pkg/service/scheduler.go:734.3,734.14 1 0
github.com/rmcguinness/gemini_task_engine/pkg/service/scheduler.go:734.14,736.4 1 0
github.com/rmcguinness/gemini_task_engine/pkg/service/scheduler.go:740.82,747.16 4 0
github.com/rmcguinness/gemini_task_engine/pkg/service/scheduler.go:747.16,749.3 1 0
github.com/rmcguinness/gemini_task_engine/pkg/service/scheduler.go:751.2,751.37 1 0
github.com/rmcguinness/gemini_task_engine/pkg/service/scheduler.go:751.37,761.17 3 0
github.com/rmcguinness/gemini_task_engine/pkg/service/scheduler.go:761.17,763.12 2 0
github.com/rmcguinness/gemini_task_engine/pkg/service/scheduler.go:767.3,772.30 3 0
github.com/rmcguinness/gemini_task_engine/pkg/service/scheduler.go:772.30,774.12 1 0
github.com/rmcguinness/gemini_task_engine/pkg/service/scheduler.go:778.3,779.17 2 0
github.com/rmcguinness/gemini_task_engine/pkg/service/scheduler.go:779.17,781.4 1 0
github.com/rmcguinness/gemini_task_engine/pkg/service/scheduler.go:781.9,783.4 1 0
github.com/rmcguinness/gemini_task_engine/pkg/service/scheduler.go:785.2,785.12 1 0
github.com/rmcguinness/gemini_task_engine/pkg/service/scheduler.go:788.60,794.2 5 0
github.com/rmcguinness/gemini_task_engine/pkg/service/shift.go:44.125,49.2 1 0
github.com/rmcguinness/gemini_task_engine/pkg/service/shift.go:51.127,54.54 2 0
github.com/rmcguinness/gemini_task_engine/pkg/service/shift.go:54.54,56.3 1 0
github.com/rmcguinness/gemini_task_engine/pkg/service/shift.go:59.2,60.16 2 0
github.com/rmcguinness/gemini_task_engine/pkg/service/shift.go:60.16,62.3 1 0
github.com/rmcguinness/gemini_task_engine/pkg/service/shift.go:65.2,71.16 3 0
github.com/rmcguinness/gemini_task_engine/pkg/service/shift.go:71.16,73.3 1 0
github.com/rmcguinness/gemini_task_engine/pkg/service/shift.go:75.2,83.62 2 0
github.com/rmcguinness/gemini_task_engine/pkg/service/shift.go:83.62,85.3 1 0
github.com/rmcguinness/gemini_task_engine/pkg/service/shift.go:87.2,87.24 1 0
github.com/rmcguinness/gemini_task_engine/pkg/service/shift.go:90.99,92.2 1 0
github.com/rmcguinness/gemini_task_engine/pkg/service/shift.go:94.84,96.2 1 0
github.com/rmcguinness/gemini_task_engine/pkg/service/shift.go:98.106,100.2 1 0
github.com/rmcguinness/gemini_task_engine/pkg/service/shift.go:103.96,105.2 1 0
github.com/rmcguinness/gemini_task_engine/pkg/service/shift.go:107.105,109.2 1 0
github.com/rmcguinness/gemini_task_engine/pkg/service/shift.go:111.94,113.2 1 0
github.com/rmcguinness/gemini_task_engine/pkg/service/shift.go:115.118,117.2 1 0
github.com/rmcguinness/gemini_task_engine/pkg/service/shift.go:119.76,121.2 1 0
github.com/rmcguinness/gemini_task_engine/pkg/service/task.go:57.116,62.2 1 0
github.com/rmcguinness/gemini_task_engine/pkg/service/task.go:64.100,66.2 1 0
github.com/rmcguinness/gemini_task_engine/pkg/service/task.go:68.83,70.2 1 0
github.com/rmcguinness/gemini_task_engine/pkg/service/task.go:72.102,74.2 1 0
github.com/rmcguinness/gemini_task_engine/pkg/service/task.go:76.116,78.2 1 0
github.com/rmcguinness/gemini_task_engine/pkg/service/task.go:80.115,85.16 3 0
github.com/rmcguinness/gemini_task_engine/pkg/service/task.go:85.16,87.3 1 0
github.com/rmcguinness/gemini_task_engine/pkg/service/task.go:89.2,93.16 3 0
github.com/rmcguinness/gemini_task_engine/pkg/service/task.go:94.21,95.34 1 0
github.com/rmcguinness/gemini_task_engine/pkg/service/task.go:95.34,98.4 2 0
github.com/rmcguinness/gemini_task_engine/pkg/service/task.go:98.9,98.40 1 0
github.com/rmcguinness/gemini_task_engine/pkg/service/task.go:98.40,100.28 1 0
github.com/rmcguinness/gemini_task_engine/pkg/service/task.go:100.28,104.5 3 0
github.com/rmcguinness/gemini_task_engine/pkg/service/task.go:105.4,105.31 1 0
github.com/rmcguinness/gemini_task_engine/pkg/service/task.go:107.16,108.38 1 0
github.com/rmcguinness/gemini_task_engine/pkg/service/task.go:108.38,111.4 2 0
github.com/rmcguinness/gemini_task_engine/pkg/service/task.go:112.19,114.26 2 0
github.com/rmcguinness/gemini_task_engine/pkg/service/task.go:118.2,118.26 1 0
github.com/rmcguinness/gemini_task_engine/pkg/service/task.go:118.26,125.90 2 0
github.com/rmcguinness/gemini_task_engine/pkg/service/task.go:125.90,127.36 2 0
github.com/rmcguinness/gemini_task_engine/pkg/service/task.go:127.36,128.82 1 0
github.com/rmcguinness/gemini_task_engine/pkg/service/task.go:128.82,131.46 2 0
github.com/rmcguinness/gemini_task_engine/pkg/service/task.go:131.46,133.37 2 0
github.com/rmcguinness/gemini_task_engine/pkg/service/task.go:133.37,135.28 1 0
github.com/rmcguinness/gemini_task_engine/pkg/service/task.go:136.21,140.23 4 0
github.com/rmcguinness/gemini_task_engine/pkg/service/task.go:141.21,144.23 3 0
github.com/rmcguinness/gemini_task_engine/pkg/service/task.go:145.22,146.83 1 0
github.com/rmcguinness/gemini_task_engine/pkg/service/task.go:146.83,147.80 1 0
github.com/rmcguinness/gemini_task_engine/pkg/service/task.go:147.80,151.67 3 0
github.com/rmcguinness/gemini_task_engine/pkg/service/task.go:151.67,153.12 1 0
github.com/rmcguinness/gemini_task_engine/pkg/service/task.go:154.11,154.81 1 0
github.com/rmcguinness/gemini_task_engine/pkg/service/task.go:157.9,159.23 3 0
github.com/rmcguinness/gemini_task_engine/pkg/service/task.go:160.24,168.82 6 0
github.com/rmcguinness/gemini_task_engine/pkg/service/task.go:168.82,169.78 1 0
github.com/rmcguinness/gemini_task_engine/pkg/service/task.go:169.78,173.67 3 0
github.com/rmcguinness/gemini_task_engine/pkg/service/task.go:173.67,175.12 1 0
github.com/rmcguinness/gemini_task_engine/pkg/service/task.go:176.11,180.59 3 0
github.com/rmcguinness/gemini_task_engine/pkg/service/task.go:180.59,182.12 1 0
github.com/rmcguinness/gemini_task_engine/pkg/service/task.go:183.11,183.71 1 0
github.com/rmcguinness/gemini_task_engine/pkg/service/task.go:187.8,187.13 1 0
github.com/rmcguinness/gemini_task_engine/pkg/service/task.go:190.6,190.17 1 0
github.com/rmcguinness/gemini_task_engine/pkg/service/task.go:190.17,193.7 2 0
github.com/rmcguinness/gemini_task_engine/pkg/service/task.go:196.9,199.4 1 0
github.com/rmcguinness/gemini_task_engine/pkg/service/task.go:202.2,202.45 1 0
github.com/rmcguinness/gemini_task_engine/pkg/service/task.go:206.126,210.16 3 0
github.com/rmcguinness/gemini_task_engine/pkg/service/task.go:210.16,212.3 1 0
github.com/rmcguinness/gemini_task_engine/pkg/service/task.go:214.2,215.16 2 0
github.com/rmcguinness/gemini_task_engine/pkg/service/task.go:215.16,217.3 1 0
github.com/rmcguinness/gemini_task_engine/pkg/service/task.go:220.2,221.33 2 0
github.com/rmcguinness/gemini_task_engine/pkg/service/task.go:221.33,222.68 1 0
github.com/rmcguinness/gemini_task_engine/pkg/service/task.go:222.68,224.4 1 0
github.com/rmcguinness/gemini_task_engine/pkg/service/task.go:225.8,227.3 1 0
github.com/rmcguinness/gemini_task_engine/pkg/service/task.go:230.2,238.16 3 0
github.com/rmcguinness/gemini_task_engine/pkg/service/task.go:238.16,240.3 1 0
github.com/rmcguinness/gemini_task_engine/pkg/service/task.go:241.2,244.45 2 0
github.com/rmcguinness/gemini_task_engine/pkg/service/task.go:247.116,251.16 3 0
github.com/rmcguinness/gemini_task_engine/pkg/service/task.go:251.16,253.3 1 0
github.com/rmcguinness/gemini_task_engine/pkg/service/task.go:255.2,255.32 1 0
github.com/rmcguinness/gemini_task_engine/pkg/service/task.go:255.32,257.3 1 0
github.com/rmcguinness/gemini_task_engine/pkg/service/task.go:258.2,258.36 1 0
github.com/rmcguinness/gemini_task_engine/pkg/service/task.go:258.36,260.3 1 0
github.com/rmcguinness/gemini_task_engine/pkg/service/task.go:262.2,263.30 2 0
github.com/rmcguinness/gemini_task_engine/pkg/service/task.go:263.30,265.3 1 0
github.com/rmcguinness/gemini_task_engine/pkg/service/task.go:267.2,274.67 2 0
github.com/rmcguinness/gemini_task_engine/pkg/service/task.go:274.67,276.3 1 0
github.com/rmcguinness/gemini_task_engine/pkg/service/task.go:278.2,279.61 2 0
github.com/rmcguinness/gemini_task_engine/pkg/service/task.go:279.61,281.3 1 0
github.com/rmcguinness/gemini_task_engine/pkg/service/task.go:283.2,283.12 1 0
github.com/rmcguinness/gemini_task_engine/pkg/service/task.go:286.93,290.16 3 0
github.com/rmcguinness/gemini_task_engine/pkg/service/task.go:290.16,292.3 1 0
github.com/rmcguinness/gemini_task_engine/pkg/service/task.go:294.2,294.31 1 0
github.com/rmcguinness/gemini_task_engine/pkg/service/task.go:294.31,296.3 1 0
github.com/rmcguinness/gemini_task_engine/pkg/service/task.go:298.2,299.16 2 0
github.com/rmcguinness/gemini_task_engine/pkg/service/task.go:299.16,301.3 1 0
github.com/rmcguinness/gemini_task_engine/pkg/service/task.go:304.2,307.61 3 0
github.com/rmcguinness/gemini_task_engine/pkg/service/task.go:307.61,309.3 1 0
github.com/rmcguinness/gemini_task_engine/pkg/service/task.go:311.2,312.51 2 0
github.com/rmcguinness/gemini_task_engine/pkg/service/task.go:315.105,317.2 1 0
github.com/rmcguinness/gemini_task_engine/pkg/service/task.go:319.92,323.16 3 0
github.com/rmcguinness/gemini_task_engine/pkg/service/task.go:323.16,325.3 1 0
github.com/rmcguinness/gemini_task_engine/pkg/service/task.go:327.2,327.31 1 0
github.com/rmcguinness/gemini_task_engine/pkg/service/task.go:327.31,329.3 1 0
github.com/rmcguinness/gemini_task_engine/pkg/service/task.go:331.2,331.82 1 0
github.com/rmcguinness/gemini_task_engine/pkg/service/task.go:331.82,333.3 1 0
github.com/rmcguinness/gemini_task_engine/pkg/service/task.go:335.2,336.16 2 0
github.com/rmcguinness/gemini_task_engine/pkg/service/task.go:336.16,338.3 1 0
github.com/rmcguinness/gemini_task_engine/pkg/service/task.go:341.2,345.34 3 0
github.com/rmcguinness/gemini_task_engine/pkg/service/task.go:345.34,347.73 2 0
github.com/rmcguinness/gemini_task_engine/pkg/service/task.go:347.73,348.35 1 0
github.com/rmcguinness/gemini_task_engine/pkg/service/task.go:348.35,349.57 1 0
github.com/rmcguinness/gemini_task_engine/pkg/service/task.go:349.57,351.11 2 0
github.com/rmcguinness/gemini_task_engine/pkg/service/task.go:356.2,356.23 1 0
github.com/rmcguinness/gemini_task_engine/pkg/service/task.go:356.23,358.3 1 0
github.com/rmcguinness/gemini_task_engine/pkg/service/task.go:358.8,360.3 1 0
github.com/rmcguinness/gemini_task_engine/pkg/service/task.go:362.2,362.61 1 0
github.com/rmcguinness/gemini_task_engine/pkg/service/task.go:362.61,364.3 1 0
github.com/rmcguinness/gemini_task_engine/pkg/service/task.go:366.2,367.51 2 0
github.com/rmcguinness/gemini_task_engine/pkg/service/task.go:370.92,374.16 3 0
github.com/rmcguinness/gemini_task_engine/pkg/service/task.go:374.16,376.3 1 0
github.com/rmcguinness/gemini_task_engine/pkg/service/task.go:378.2,378.31 1 0
github.com/rmcguinness/gemini_task_engine/pkg/service/task.go:378.31,380.3 1 0
github.com/rmcguinness/gemini_task_engine/pkg/service/task.go:382.2,382.82 1 0
github.com/rmcguinness/gemini_task_engine/pkg/service/task.go:382.82,384.3 1 0
github.com/rmcguinness/gemini_task_engine/pkg/service/task.go:386.2,387.16 2 0
github.com/rmcguinness/gemini_task_engine/pkg/service/task.go:387.16,389.3 1 0
github.com/rmcguinness/gemini_task_engine/pkg/service/task.go:392.2,393.34 2 0
github.com/rmcguinness/gemini_task_engine/pkg/service/task.go:393.34,395.73 2 0
github.com/rmcguinness/gemini_task_engine/pkg/service/task.go:395.73,396.35 1 0
github.com/rmcguinness/gemini_task_engine/pkg/service/task.go:396.35,397.57 1 0
github.com/rmcguinness/gemini_task_engine/pkg/service/task.go:397.57,399.11 2 0
github.com/rmcguinness/gemini_task_engine/pkg/service/task.go:404.2,404.23 1 0
github.com/rmcguinness/gemini_task_engine/pkg/service/task.go:404.23,406.3 1 0
github.com/rmcguinness/gemini_task_engine/pkg/service/task.go:406.8,408.3 1 0
github.com/rmcguinness/gemini_task_engine/pkg/service/task.go:410.2,410.61 1 0
github.com/rmcguinness/gemini_task_engine/pkg/service/task.go:410.61,412.3 1 0
github.com/rmcguinness/gemini_task_engine/pkg/service/task.go:414.2,415.51 2 0
github.com/rmcguinness/gemini_task_engine/pkg/service/task.go:418.110,422.16 3 0
github.com/rmcguinness/gemini_task_engine/pkg/service/task.go:422.16,424.3 1 0
github.com/rmcguinness/gemini_task_engine/pkg/service/task.go:427.2,427.32 1 0
github.com/rmcguinness/gemini_task_engine/pkg/service/task.go:427.32,429.3 1 0
github.com/rmcguinness/gemini_task_engine/pkg/service/task.go:432.2,433.36 2 0
github.com/rmcguinness/gemini_task_engine/pkg/service/task.go:433.36,437.17 3 0
github.com/rmcguinness/gemini_task_engine/pkg/service/task.go:437.17,439.4 1 0
github.com/rmcguinness/gemini_task_engine/pkg/service/task.go:445.3,446.34 2 0
github.com/rmcguinness/gemini_task_engine/pkg/service/task.go:446.34,448.4 1 0
github.com/rmcguinness/gemini_task_engine/pkg/service/task.go:448.9,448.80 1 0
github.com/rmcguinness/gemini_task_engine/pkg/service/task.go:448.80,450.4 1 0
github.com/rmcguinness/gemini_task_engine/pkg/service/task.go:450.9,450.49 1 0
github.com/rmcguinness/gemini_task_engine/pkg/service/task.go:450.49,452.4 1 0
github.com/rmcguinness/gemini_task_engine/pkg/service/task.go:452.9,452.76 1 0
github.com/rmcguinness/gemini_task_engine/pkg/service/task.go:452.76,454.4 1 0
github.com/rmcguinness/gemini_task_engine/pkg/service/task.go:454.9,455.36 1 0
github.com/rmcguinness/gemini_task_engine/pkg/service/task.go:455.36,456.39 1 0
github.com/rmcguinness/gemini_task_engine/pkg/service/task.go:456.39,458.11 2 0
github.com/rmcguinness/gemini_task_engine/pkg/service/task.go:463.3,463.20 1 0
github.com/rmcguinness/gemini_task_engine/pkg/service/task.go:463.20,465.4 1 0
github.com/rmcguinness/gemini_task_engine/pkg/service/task.go:466.8,471.69 2 0
github.com/rmcguinness/gemini_task_engine/pkg/service/task.go:471.69,473.4 1 0
github.com/rmcguinness/gemini_task_engine/pkg/service/task.go:473.9,474.36 1 0
github.com/rmcguinness/gemini_task_engine/pkg/service/task.go:474.36,475.39 1 0
github.com/rmcguinness/gemini_task_engine/pkg/service/task.go:475.39,477.11 2 0
github.com/rmcguinness/gemini_task_engine/pkg/service/task.go:482.3,482.20 1 0
github.com/rmcguinness/gemini_task_engine/pkg/service/task.go:482.20,484.4 1 0
github.com/rmcguinness/gemini_task_engine/pkg/service/task.go:488.2,492.34 3 0
github.com/rmcguinness/gemini_task_engine/pkg/service/task.go:492.34,494.73 2 0
github.com/rmcguinness/gemini_task_engine/pkg/service/task.go:494.73,495.35 1 0
github.com/rmcguinness/gemini_task_engine/pkg/service/task.go:495.35,496.57 1 0
github.com/rmcguinness/gemini_task_engine/pkg/service/task.go:496.57,498.11 2 0
github.com/rmcguinness/gemini_task_engine/pkg/service/task.go:503.2,503.23 1 0
github.com/rmcguinness/gemini_task_engine/pkg/service/task.go:503.23,505.3 1 0
github.com/rmcguinness/gemini_task_engine/pkg/service/task.go:505.8,507.3 1 0
github.com/rmcguinness/gemini_task_engine/pkg/service/task.go:510.2,510.61 1 0
github.com/rmcguinness/gemini_task_engine/pkg/service/task.go:510.61,512.3 1 0
github.com/rmcguinness/gemini_task_engine/pkg/service/task.go:515.2,515.18 1 0
github.com/rmcguinness/gemini_task_engine/pkg/service/task.go:515.18,517.73 2 0
github.com/rmcguinness/gemini_task_engine/pkg/service/task.go:517.73,519.4 1 0
github.com/rmcguinness/gemini_task_engine/pkg/service/task.go:520.3,520.52 1 0
github.com/rmcguinness/gemini_task_engine/pkg/service/task.go:523.2,523.12 1 0
github.com/rmcguinness/gemini_task_engine/pkg/service/task.go:526.103,528.16 2 0
github.com/rmcguinness/gemini_task_engine/pkg/service/task.go:528.16,530.3 1 0
github.com/rmcguinness/gemini_task_engine/pkg/service/task.go:531.2,532.32 2 0
github.com/rmcguinness/gemini_task_engine/pkg/service/task.go:532.32,534.3 1 0
github.com/rmcguinness/gemini_task_engine/pkg/service/task.go:535.2,535.18 1 0
github.com/rmcguinness/gemini_task_engine/pkg/service/task.go:538.96,540.2 1 0
github.com/rmcguinness/gemini_task_engine/pkg/service/task.go:542.106,544.2 1 0
github.com/rmcguinness/gemini_task_engine/pkg/service/task.go:546.97,548.2 1 0
github.com/rmcguinness/gemini_task_engine/pkg/service/task.go:550.95,552.2 1 0
github.com/rmcguinness/gemini_task_engine/pkg/service/task.go:554.119,556.2 1 0
github.com/rmcguinness/gemini_task_engine/pkg/service/task.go:558.81,560.2 1 0
github.com/rmcguinness/gemini_task_engine/pkg/service/translation.go:65.93,69.16 3 0
github.com/rmcguinness/gemini_task_engine/pkg/service/translation.go:69.16,71.3 1 0
github.com/rmcguinness/gemini_task_engine/pkg/service/translation.go:73.2,74.16 2 0
github.com/rmcguinness/gemini_task_engine/pkg/service/translation.go:74.16,77.3 2 0
github.com/rmcguinness/gemini_task_engine/pkg/service/translation.go:79.2,80.16 2 0
github.com/rmcguinness/gemini_task_engine/pkg/service/translation.go:80.16,84.3 3 0
github.com/rmcguinness/gemini_task_engine/pkg/service/translation.go:86.2,91.8 1 0
github.com/rmcguinness/gemini_task_engine/pkg/service/translation.go:94.142,97.16 2 0
github.com/rmcguinness/gemini_task_engine/pkg/service/translation.go:97.16,99.3 1 0
github.com/rmcguinness/gemini_task_engine/pkg/service/translation.go:102.2,103.35 2 0
github.com/rmcguinness/gemini_task_engine/pkg/service/translation.go:103.35,105.3 1 0
github.com/rmcguinness/gemini_task_engine/pkg/service/translation.go:108.2,109.16 2 0
github.com/rmcguinness/gemini_task_engine/pkg/service/translation.go:109.16,111.3 1 0
github.com/rmcguinness/gemini_task_engine/pkg/service/translation.go:114.2,115.16 2 0
github.com/rmcguinness/gemini_task_engine/pkg/service/translation.go:115.16,117.3 1 0
github.com/rmcguinness/gemini_task_engine/pkg/service/translation.go:120.2,123.20 3 0
github.com/rmcguinness/gemini_task_engine/pkg/service/translation.go:123.20,131.3 1 0
github.com/rmcguinness/gemini_task_engine/pkg/service/translation.go:131.8,134.3 1 0
github.com/rmcguinness/gemini_task_engine/pkg/service/translation.go:136.2,137.34 2 0
github.com/rmcguinness/gemini_task_engine/pkg/service/translation.go:137.34,143.3 3 0
github.com/rmcguinness/gemini_task_engine/pkg/service/translation.go:145.2,145.16 1 0
github.com/rmcguinness/gemini_task_engine/pkg/service/translation.go:145.16,147.3 1 0
github.com/rmcguinness/gemini_task_engine/pkg/service/translation.go:149.2,149.46 1 0
github.com/rmcguinness/gemini_task_engine/pkg/service/translation.go:152.160,155.16 2 0
github.com/rmcguinness/gemini_task_engine/pkg/service/translation.go:155.16,157.3 1 0
github.com/rmcguinness/gemini_task_engine/pkg/service/translation.go:160.2,161.35 2 0
github.com/rmcguinness/gemini_task_engine/pkg/service/translation.go:161.35,163.3 1 0
github.com/rmcguinness/gemini_task_engine/pkg/service/translation.go:166.2,167.16 2 0
github.com/rmcguinness/gemini_task_engine/pkg/service/translation.go:167.16,169.3 1 0
github.com/rmcguinness/gemini_task_engine/pkg/service/translation.go:172.2,173.16 2 0
github.com/rmcguinness/gemini_task_engine/pkg/service/translation.go:173.16,175.3 1 0
github.com/rmcguinness/gemini_task_engine/pkg/service/translation.go:178.2,180.16 3 0
github.com/rmcguinness/gemini_task_engine/pkg/service/translation.go:180.16,182.3 1 0
github.com/rmcguinness/gemini_task_engine/pkg/service/translation.go:184.2,184.46 1 0
github.com/rmcguinness/gemini_task_engine/pkg/service/translation.go:187.84,190.16 3 0
github.com/rmcguinness/gemini_task_engine/pkg/service/translation.go:190.16,192.3 1 0
github.com/rmcguinness/gemini_task_engine/pkg/service/translation.go:194.2,195.32 2 0
github.com/rmcguinness/gemini_task_engine/pkg/service/translation.go:195.32,198.44 3 0
github.com/rmcguinness/gemini_task_engine/pkg/service/translation.go:198.44,200.4 1 0
github.com/rmcguinness/gemini_task_engine/pkg/service/translation.go:200.9,200.50 1 0
github.com/rmcguinness/gemini_task_engine/pkg/service/translation.go:200.50,202.4 1 0
github.com/rmcguinness/gemini_task_engine/pkg/service/translation.go:204.3,204.20 1 0
github.com/rmcguinness/gemini_task_engine/pkg/service/translation.go:204.20,206.50 2 0
github.com/rmcguinness/gemini_task_engine/pkg/service/translation.go:206.50,208.5 1 0
github.com/rmcguinness/gemini_task_engine/pkg/service/translation.go:208.10,208.59 1 0
github.com/rmcguinness/gemini_task_engine/pkg/service/translation.go:208.59,210.5 1 0
github.com/rmcguinness/gemini_task_engine/pkg/service/translation.go:213.4,214.32 2 0
github.com/rmcguinness/gemini_task_engine/pkg/service/translation.go:214.32,216.5 1 0
github.com/rmcguinness/gemini_task_engine/pkg/service/translation.go:218.4,223.6 1 0
github.com/rmcguinness/gemini_task_engine/pkg/service/translation.go:226.2,226.18 1 0
github.com/rmcguinness/gemini_task_engine/pkg/service/translation.go:230.118,239.44 6 0
github.com/rmcguinness/gemini_task_engine/pkg/service/translation.go:239.44,243.17 3 0
github.com/rmcguinness/gemini_task_engine/pkg/service/translation.go:243.17,245.4 1 0
github.com/rmcguinness/gemini_task_engine/pkg/service/translation.go:246.3,246.22 1 0
github.com/rmcguinness/gemini_task_engine/pkg/service/translation.go:246.22,248.4 1 0
github.com/rmcguinness/gemini_task_engine/pkg/service/translation.go:249.3,252.15 3 0
github.com/rmcguinness/gemini_task_engine/pkg/service/translation.go:252.15,254.4 1 0
github.com/rmcguinness/gemini_task_engine/pkg/service/translation.go:257.2,258.21 2 0
github.com/rmcguinness/gemini_task_engine/pkg/service/translation.go:258.21,260.3 1 0
github.com/rmcguinness/gemini_task_engine/pkg/service/translation.go:262.2,262.14 1 0
github.com/rmcguinness/gemini_task_engine/pkg/service/translation.go:262.14,264.3 1 0
github.com/rmcguinness/gemini_task_engine/pkg/service/translation.go:264.8,266.19 2 0
github.com/rmcguinness/gemini_task_engine/pkg/service/translation.go:266.19,268.4 1 0
github.com/rmcguinness/gemini_task_engine/pkg/service/translation.go:271.2,284.16 3 0
github.com/rmcguinness/gemini_task_engine/pkg/service/translation.go:284.16,286.3 1 0
github.com/rmcguinness/gemini_task_engine/pkg/service/translation.go:288.2,288.70 1 0
github.com/rmcguinness/gemini_task_engine/pkg/service/translation.go:288.70,290.3 1 0
github.com/rmcguinness/gemini_task_engine/pkg/service/translation.go:292.2,292.56 1 0
github.com/rmcguinness/gemini_task_engine/pkg/service/translation.go:296.118,299.16 2 0
github.com/rmcguinness/gemini_task_engine/pkg/service/translation.go:299.16,301.3 1 0
github.com/rmcguinness/gemini_task_engine/pkg/service/translation.go:303.2,304.16 2 0
github.com/rmcguinness/gemini_task_engine/pkg/service/translation.go:304.16,306.3 1 0
github.com/rmcguinness/gemini_task_engine/pkg/service/translation.go:308.2,312.16 2 0
github.com/rmcguinness/gemini_task_engine/pkg/service/translation.go:312.16,314.3 1 0
github.com/rmcguinness/gemini_task_engine/pkg/service/translation.go:316.2,316.20 1 0
github.com/rmcguinness/gemini_task_engine/pkg/service/translation.go:316.20,318.3 1 0
github.com/rmcguinness/gemini_task_engine/pkg/service/translation.go:320.2,320.26 1 0
github.com/rmcguinness/gemini_task_engine/pkg/service/translation.go:324.126,336.16 3 0
github.com/rmcguinness/gemini_task_engine/pkg/service/translation.go:336.16,338.3 1 0
github.com/rmcguinness/gemini_task_engine/pkg/service/translation.go:340.2,340.31 1 0
github.com/rmcguinness/gemini_task_engine/pkg/service/translation.go:344.98,346.39 2 0
github.com/rmcguinness/gemini_task_engine/pkg/service/translation.go:346.39,348.3 1 0
github.com/rmcguinness/gemini_task_engine/pkg/service/translation.go:348.8,348.49 1 0
github.com/rmcguinness/gemini_task_engine/pkg/service/translation.go:348.49,350.3 1 0
github.com/rmcguinness/gemini_task_engine/pkg/service/translation.go:353.2,357.40 4 0
github.com/rmcguinness/gemini_task_engine/pkg/service/translation.go:357.40,358.38 1 0
github.com/rmcguinness/gemini_task_engine/pkg/service/translation.go:358.38,360.4 1 0
github.com/rmcguinness/gemini_task_engine/pkg/service/translation.go:360.9,362.4 1 0
github.com/rmcguinness/gemini_task_engine/pkg/service/translation.go:363.3,363.25 1 0
github.com/rmcguinness/gemini_task_engine/pkg/service/translation.go:364.8,364.47 1 0
github.com/rmcguinness/gemini_task_engine/pkg/service/translation.go:364.47,365.38 1 0
github.com/rmcguinness/gemini_task_engine/pkg/service/translation.go:365.38,367.4 1 0
github.com/rmcguinness/gemini_task_engine/pkg/service/translation.go:367.9,369.4 1 0
github.com/rmcguinness/gemini_task_engine/pkg/service/translation.go:370.3,370.25 1 0
github.com/rmcguinness/gemini_task_engine/pkg/service/translation.go:371.8,371.47 1 0
github.com/rmcguinness/gemini_task_engine/pkg/service/translation.go:371.47,372.38 1 0
github.com/rmcguinness/gemini_task_engine/pkg/service/translation.go:372.38,374.4 1 0
github.com/rmcguinness/gemini_task_engine/pkg/service/translation.go:374.9,376.4 1 0
github.com/rmcguinness/gemini_task_engine/pkg/service/translation.go:377.3,377.25 1 0
github.com/rmcguinness/gemini_task_engine/pkg/service/translation.go:380.2,383.21 2 0
github.com/rmcguinness/gemini_task_engine/pkg/service/translation.go:383.21,386.3 2 0
github.com/rmcguinness/gemini_task_engine/pkg/service/translation.go:386.8,388.3 1 0
github.com/rmcguinness/gemini_task_engine/pkg/service/translation.go:389.2,389.15 1 0
github.com/rmcguinness/gemini_task_engine/pkg/service/translation.go:393.114,394.36 1 0
github.com/rmcguinness/gemini_task_engine/pkg/service/translation.go:394.36,396.22 2 0
github.com/rmcguinness/gemini_task_engine/pkg/service/translation.go:396.22,403.35 4 0
github.com/rmcguinness/gemini_task_engine/pkg/service/translation.go:403.35,410.5 2 0
github.com/rmcguinness/gemini_task_engine/pkg/service/translation.go:415.2,415.65 1 0
github.com/rmcguinness/gemini_task_engine/pkg/service/translation.go:418.133,423.21 3 0
github.com/rmcguinness/gemini_task_engine/pkg/service/translation.go:423.21,425.3 1 0
github.com/rmcguinness/gemini_task_engine/pkg/service/translation.go:426.2,426.21 1 0
github.com/rmcguinness/gemini_task_engine/pkg/service/translation.go:426.21,428.3 1 0
github.com/rmcguinness/gemini_task_engine/pkg/service/translation.go:431.2,432.16 2 0
github.com/rmcguinness/gemini_task_engine/pkg/service/translation.go:432.16,434.3 1 0
github.com/rmcguinness/gemini_task_engine/pkg/service/translation.go:438.2,440.40 3 0
github.com/rmcguinness/gemini_task_engine/pkg/service/translation.go:440.40,442.3 1 0
github.com/rmcguinness/gemini_task_engine/pkg/service/translation.go:442.8,442.47 1 0
github.com/rmcguinness/gemini_task_engine/pkg/service/translation.go:442.47,444.3 1 0
github.com/rmcguinness/gemini_task_engine/pkg/service/translation.go:444.8,444.47 1 0
github.com/rmcguinness/gemini_task_engine/pkg/service/translation.go:444.47,446.3 1 0
github.com/rmcguinness/gemini_task_engine/pkg/service/translation.go:446.8,446.47 1 0
github.com/rmcguinness/gemini_task_engine/pkg/service/translation.go:446.47,448.3 1 0
github.com/rmcguinness/gemini_task_engine/pkg/service/translation.go:448.8,448.47 1 0
github.com/rmcguinness/gemini_task_engine/pkg/service/translation.go:448.47,450.3 1 0
github.com/rmcguinness/gemini_task_engine/pkg/service/translation.go:450.8,450.47 1 0
github.com/rmcguinness/gemini_task_engine/pkg/service/translation.go:450.47,452.3 1 0
github.com/rmcguinness/gemini_task_engine/pkg/service/translation.go:455.2,476.16 4 0
github.com/rmcguinness/gemini_task_engine/pkg/service/translation.go:476.16,478.3 1 0
github.com/rmcguinness/gemini_task_engine/pkg/service/translation.go:480.2,482.16 3 0
github.com/rmcguinness/gemini_task_engine/pkg/service/translation.go:482.16,484.3 1 0
github.com/rmcguinness/gemini_task_engine/pkg/service/translation.go:485.2,489.16 4 0
github.com/rmcguinness/gemini_task_engine/pkg/service/translation.go:489.16,491.3 1 0
github.com/rmcguinness/gemini_task_engine/pkg/service/translation.go:492.2,495.16 3 0
github.com/rmcguinness/gemini_task_engine/pkg/service/translation.go:495.16,497.3 1 0
github.com/rmcguinness/gemini_task_engine/pkg/service/translation.go:499.2,499.38 1 0
github.com/rmcguinness/gemini_task_engine/pkg/service/translation.go:499.38,501.3 1 0
github.com/rmcguinness/gemini_task_engine/pkg/service/translation.go:503.2,506.61 2 0
github.com/rmcguinness/gemini_task_engine/pkg/service/translation.go:506.61,508.3 1 0
github.com/rmcguinness/gemini_task_engine/pkg/service/translation.go:510.2,511.38 2 0
github.com/rmcguinness/gemini_task_engine/pkg/service/translation.go:514.127,520.40 4 0
github.com/rmcguinness/gemini_task_engine/pkg/service/translation.go:520.40,522.3 1 0
github.com/rmcguinness/gemini_task_engine/pkg/service/translation.go:522.8,522.47 1 0
github.com/rmcguinness/gemini_task_engine/pkg/service/translation.go:522.47,524.3 1 0
github.com/rmcguinness/gemini_task_engine/pkg/service/translation.go:524.8,524.47 1 0
github.com/rmcguinness/gemini_task_engine/pkg/service/translation.go:524.47,526.3 1 0
github.com/rmcguinness/gemini_task_engine/pkg/service/translation.go:526.8,526.47 1 0
github.com/rmcguinness/gemini_task_engine/pkg/service/translation.go:526.47,528.3 1 0
github.com/rmcguinness/gemini_task_engine/pkg/service/translation.go:528.8,528.47 1 0
github.com/rmcguinness/gemini_task_engine/pkg/service/translation.go:528.47,530.3 1 0
github.com/rmcguinness/gemini_task_engine/pkg/service/translation.go:532.2,538.45 2 0
